1000000,13,東京都,千代田区,
1000001,13,東京都,千代田区,千代田
1000002,13,東京都,千代田区,皇居外苑
1000003,13,東京都,千代田区,一ツ橋
1000004,13,東京都,千代田区,大手町
1000005,13,東京都,千代田区,丸の内
1000006,13,東京都,千代田区,有楽町
1000011,13,東京都,千代田区,内幸町
1000012,13,東京都,千代田区,日比谷公園
1000013,13,東京都,千代田区,霞が関
1000014,13,東京都,千代田区,永田町
1000100,13,東京都,大島町,
1000101,13,東京都,大島町,元町
1000102,13,東京都,大島町,岡田
1000103,13,東京都,大島町,泉津
1000104,13,東京都,大島町,野増
1000211,13,東京都,大島町,差木地
1000212,13,東京都,大島町,波浮港
1000301,13,東京都,利島村,利島村一円
1000400,13,東京都,新島村,
1000401,13,東京都,新島村,若郷
1000402,13,東京都,新島村,本村
1000511,13,東京都,新島村,式根島
1000601,13,東京都,神津島村,神津島村一円
1001100,13,東京都,三宅島三宅村,
1001101,13,東京都,三宅島三宅村,神着
1001102,13,東京都,三宅島三宅村,伊豆
1001103,13,東京都,三宅島三宅村,伊ケ谷
1001211,13,東京都,三宅島三宅村,坪田
1001212,13,東京都,三宅島三宅村,阿古
1001213,13,東京都,三宅島三宅村,雄山
1001301,13,東京都,御蔵島村,御蔵島村一円
1001400,13,東京都,八丈島八丈町,
1001401,13,東京都,八丈島八丈町,大賀郷
1001511,13,東京都,八丈島八丈町,三根
1001621,13,東京都,八丈島八丈町,樫立
1001622,13,東京都,八丈島八丈町,末吉
1001623,13,東京都,八丈島八丈町,中之郷
1001701,13,東京都,青ヶ島村,青ヶ島村一円
1002100,13,東京都,小笠原村,
1002101,13,東京都,小笠原村,父島
1002211,13,東京都,小笠原村,母島
1006001,13,東京都,千代田区,霞が関霞が関ビル
1006002,13,東京都,千代田区,霞が関霞が関ビル
1006003,13,東京都,千代田区,霞が関霞が関ビル
1006004,13,東京都,千代田区,霞が関霞が関ビル
1006005,13,東京都,千代田区,霞が関霞が関ビル
1006006,13,東京都,千代田区,霞が関霞が関ビル
1006007,13,東京都,千代田区,霞が関霞が関ビル
1006008,13,東京都,千代田区,霞が関霞が関ビル
1006009,13,東京都,千代田区,霞が関霞が関ビル
1006010,13,東京都,千代田区,霞が関霞が関ビル
1006011,13,東京都,千代田区,霞が関霞が関ビル
1006012,13,東京都,千代田区,霞が関霞が関ビル
1006013,13,東京都,千代田区,霞が関霞が関ビル
1006014,13,東京都,千代田区,霞が関霞が関ビル
1006015,13,東京都,千代田区,霞が関霞が関ビル
1006016,13,東京都,千代田区,霞が関霞が関ビル
1006017,13,東京都,千代田区,霞が関霞が関ビル
1006018,13,東京都,千代田区,霞が関霞が関ビル
1006019,13,東京都,千代田区,霞が関霞が関ビル
1006020,13,東京都,千代田区,霞が関霞が関ビル
1006021,13,東京都,千代田区,霞が関霞が関ビル
1006022,13,東京都,千代田区,霞が関霞が関ビル
1006023,13,東京都,千代田区,霞が関霞が関ビル
1006024,13,東京都,千代田区,霞が関霞が関ビル
1006025,13,東京都,千代田区,霞が関霞が関ビル
1006026,13,東京都,千代田区,霞が関霞が関ビル
1006027,13,東京都,千代田区,霞が関霞が関ビル
1006028,13,東京都,千代田区,霞が関霞が関ビル
1006029,13,東京都,千代田区,霞が関霞が関ビル
1006030,13,東京都,千代田区,霞が関霞が関ビル
1006031,13,東京都,千代田区,霞が関霞が関ビル
1006032,13,東京都,千代田区,霞が関霞が関ビル
1006033,13,東京都,千代田区,霞が関霞が関ビル
1006034,13,東京都,千代田区,霞が関霞が関ビル
1006035,13,東京都,千代田区,霞が関霞が関ビル
1006036,13,東京都,千代田区,霞が関霞が関ビル
1006090,13,東京都,千代田区,霞が関霞が関ビル
1006101,13,東京都,千代田区,永田町山王パークタワー
1006102,13,東京都,千代田区,永田町山王パークタワー
1006103,13,東京都,千代田区,永田町山王パークタワー
1006104,13,東京都,千代田区,永田町山王パークタワー
1006105,13,東京都,千代田区,永田町山王パークタワー
1006106,13,東京都,千代田区,永田町山王パークタワー
1006107,13,東京都,千代田区,永田町山王パークタワー
1006108,13,東京都,千代田区,永田町山王パークタワー
1006109,13,東京都,千代田区,永田町山王パークタワー
1006110,13,東京都,千代田区,永田町山王パークタワー
1006111,13,東京都,千代田区,永田町山王パークタワー
1006112,13,東京都,千代田区,永田町山王パークタワー
1006113,13,東京都,千代田区,永田町山王パークタワー
1006114,13,東京都,千代田区,永田町山王パークタワー
1006115,13,東京都,千代田区,永田町山王パークタワー
1006116,13,東京都,千代田区,永田町山王パークタワー
1006117,13,東京都,千代田区,永田町山王パークタワー
1006118,13,東京都,千代田区,永田町山王パークタワー
1006119,13,東京都,千代田区,永田町山王パークタワー
1006120,13,東京都,千代田区,永田町山王パークタワー
1006121,13,東京都,千代田区,永田町山王パークタワー
1006122,13,東京都,千代田区,永田町山王パークタワー
1006123,13,東京都,千代田区,永田町山王パークタワー
1006124,13,東京都,千代田区,永田町山王パークタワー
1006125,13,東京都,千代田区,永田町山王パークタワー
1006126,13,東京都,千代田区,永田町山王パークタワー
1006127,13,東京都,千代田区,永田町山王パークタワー
1006128,13,東京都,千代田区,永田町山王パークタワー
1006129,13,東京都,千代田区,永田町山王パークタワー
1006130,13,東京都,千代田区,永田町山王パークタワー
1006131,13,東京都,千代田区,永田町山王パークタワー
1006132,13,東京都,千代田区,永田町山王パークタワー
1006133,13,東京都,千代田区,永田町山王パークタワー
1006134,13,東京都,千代田区,永田町山王パークタワー
1006135,13,東京都,千代田区,永田町山王パークタワー
1006136,13,東京都,千代田区,永田町山王パークタワー
1006137,13,東京都,千代田区,永田町山王パークタワー
1006138,13,東京都,千代田区,永田町山王パークタワー
1006139,13,東京都,千代田区,永田町山王パークタワー
1006140,13,東京都,千代田区,永田町山王パークタワー
1006141,13,東京都,千代田区,永田町山王パークタワー
1006142,13,東京都,千代田区,永田町山王パークタワー
1006143,13,東京都,千代田区,永田町山王パークタワー
1006144,13,東京都,千代田区,永田町山王パークタワー
1006190,13,東京都,千代田区,永田町山王パークタワー
1006201,13,東京都,千代田区,丸の内パシフィックセンチュリープレイス丸の内
1006202,13,東京都,千代田区,丸の内パシフィックセンチュリープレイス丸の内
1006203,13,東京都,千代田区,丸の内パシフィックセンチュリープレイス丸の内
1006204,13,東京都,千代田区,丸の内パシフィックセンチュリープレイス丸の内
1006205,13,東京都,千代田区,丸の内パシフィックセンチュリープレイス丸の内
1006206,13,東京都,千代田区,丸の内パシフィックセンチュリープレイス丸の内
1006207,13,東京都,千代田区,丸の内パシフィックセンチュリープレイス丸の内
1006208,13,東京都,千代田区,丸の内パシフィックセンチュリープレイス丸の内
1006209,13,東京都,千代田区,丸の内パシフィックセンチュリープレイス丸の内
1006210,13,東京都,千代田区,丸の内パシフィックセンチュリープレイス丸の内
1006211,13,東京都,千代田区,丸の内パシフィックセンチュリープレイス丸の内
1006212,13,東京都,千代田区,丸の内パシフィックセンチュリープレイス丸の内
1006213,13,東京都,千代田区,丸の内パシフィックセンチュリープレイス丸の内
1006214,13,東京都,千代田区,丸の内パシフィックセンチュリープレイス丸の内
1006215,13,東京都,千代田区,丸の内パシフィックセンチュリープレイス丸の内
1006216,13,東京都,千代田区,丸の内パシフィックセンチュリープレイス丸の内
1006217,13,東京都,千代田区,丸の内パシフィックセンチュリープレイス丸の内
1006218,13,東京都,千代田区,丸の内パシフィックセンチュリープレイス丸の内
1006219,13,東京都,千代田区,丸の内パシフィックセンチュリープレイス丸の内
1006220,13,東京都,千代田区,丸の内パシフィックセンチュリープレイス丸の内
1006221,13,東京都,千代田区,丸の内パシフィックセンチュリープレイス丸の内
1006222,13,東京都,千代田区,丸の内パシフィックセンチュリープレイス丸の内
1006223,13,東京都,千代田区,丸の内パシフィックセンチュリープレイス丸の内
1006224,13,東京都,千代田区,丸の内パシフィックセンチュリープレイス丸の内
1006225,13,東京都,千代田区,丸の内パシフィックセンチュリープレイス丸の内
1006226,13,東京都,千代田区,丸の内パシフィックセンチュリープレイス丸の内
1006227,13,東京都,千代田区,丸の内パシフィックセンチュリープレイス丸の内
1006228,13,東京都,千代田区,丸の内パシフィックセンチュリープレイス丸の内
1006229,13,東京都,千代田区,丸の内パシフィックセンチュリープレイス丸の内
1006230,13,東京都,千代田区,丸の内パシフィックセンチュリープレイス丸の内
1006231,13,東京都,千代田区,丸の内パシフィックセンチュリープレイス丸の内
1006290,13,東京都,千代田区,丸の内パシフィックセンチュリープレイス丸の内
1006301,13,東京都,千代田区,丸の内丸の内ビルディング
1006302,13,東京都,千代田区,丸の内丸の内ビルディング
1006303,13,東京都,千代田区,丸の内丸の内ビルディング
1006304,13,東京都,千代田区,丸の内丸の内ビルディング
1006305,13,東京都,千代田区,丸の内丸の内ビルディング
1006306,13,東京都,千代田区,丸の内丸の内ビルディング
1006307,13,東京都,千代田区,丸の内丸の内ビルディング
1006308,13,東京都,千代田区,丸の内丸の内ビルディング
1006309,13,東京都,千代田区,丸の内丸の内ビルディング
1006310,13,東京都,千代田区,丸の内丸の内ビルディング
1006311,13,東京都,千代田区,丸の内丸の内ビルディング
1006312,13,東京都,千代田区,丸の内丸の内ビルディング
1006313,13,東京都,千代田区,丸の内丸の内ビルディング
1006314,13,東京都,千代田区,丸の内丸の内ビルディング
1006315,13,東京都,千代田区,丸の内丸の内ビルディング
1006316,13,東京都,千代田区,丸の内丸の内ビルディング
1006317,13,東京都,千代田区,丸の内丸の内ビルディング
1006318,13,東京都,千代田区,丸の内丸の内ビルディング
1006319,13,東京都,千代田区,丸の内丸の内ビルディング
1006320,13,東京都,千代田区,丸の内丸の内ビルディング
1006321,13,東京都,千代田区,丸の内丸の内ビルディング
1006322,13,東京都,千代田区,丸の内丸の内ビルディング
1006323,13,東京都,千代田区,丸の内丸の内ビルディング
1006324,13,東京都,千代田区,丸の内丸の内ビルディング
1006325,13,東京都,千代田区,丸の内丸の内ビルディング
1006326,13,東京都,千代田区,丸の内丸の内ビルディング
1006327,13,東京都,千代田区,丸の内丸の内ビルディング
1006328,13,東京都,千代田区,丸の内丸の内ビルディング
1006329,13,東京都,千代田区,丸の内丸の内ビルディング
1006330,13,東京都,千代田区,丸の内丸の内ビルディング
1006331,13,東京都,千代田区,丸の内丸の内ビルディング
1006332,13,東京都,千代田区,丸の内丸の内ビルディング
1006333,13,東京都,千代田区,丸の内丸の内ビルディング
1006334,13,東京都,千代田区,丸の内丸の内ビルディング
1006335,13,東京都,千代田区,丸の内丸の内ビルディング
1006336,13,東京都,千代田区,丸の内丸の内ビルディング
1006337,13,東京都,千代田区,丸の内丸の内ビルディング
1006390,13,東京都,千代田区,丸の内丸の内ビルディング
1006401,13,東京都,千代田区,丸の内東京ビルディング
1006402,13,東京都,千代田区,丸の内東京ビルディング
1006403,13,東京都,千代田区,丸の内東京ビルディング
1006404,13,東京都,千代田区,丸の内東京ビルディング
1006405,13,東京都,千代田区,丸の内東京ビルディング
1006406,13,東京都,千代田区,丸の内東京ビルディング
1006407,13,東京都,千代田区,丸の内東京ビルディング
1006408,13,東京都,千代田区,丸の内東京ビルディング
1006409,13,東京都,千代田区,丸の内東京ビルディング
1006410,13,東京都,千代田区,丸の内東京ビルディング
1006411,13,東京都,千代田区,丸の内東京ビルディング
1006412,13,東京都,千代田区,丸の内東京ビルディング
1006413,13,東京都,千代田区,丸の内東京ビルディング
1006414,13,東京都,千代田区,丸の内東京ビルディング
1006415,13,東京都,千代田区,丸の内東京ビルディング
1006416,13,東京都,千代田区,丸の内東京ビルディング
1006417,13,東京都,千代田区,丸の内東京ビルディング
1006418,13,東京都,千代田区,丸の内東京ビルディング
1006419,13,東京都,千代田区,丸の内東京ビルディング
1006420,13,東京都,千代田区,丸の内東京ビルディング
1006421,13,東京都,千代田区,丸の内東京ビルディング
1006422,13,東京都,千代田区,丸の内東京ビルディング
1006423,13,東京都,千代田区,丸の内東京ビルディング
1006424,13,東京都,千代田区,丸の内東京ビルディング
1006425,13,東京都,千代田区,丸の内東京ビルディング
1006426,13,東京都,千代田区,丸の内東京ビルディング
1006427,13,東京都,千代田区,丸の内東京ビルディング
1006428,13,東京都,千代田区,丸の内東京ビルディング
1006429,13,東京都,千代田区,丸の内東京ビルディング
1006430,13,東京都,千代田区,丸の内東京ビルディング
1006431,13,東京都,千代田区,丸の内東京ビルディング
1006432,13,東京都,千代田区,丸の内東京ビルディング
1006433,13,東京都,千代田区,丸の内東京ビルディング
1006490,13,東京都,千代田区,丸の内東京ビルディング
1006501,13,東京都,千代田区,丸の内新丸の内ビルディング
1006502,13,東京都,千代田区,丸の内新丸の内ビルディング
1006503,13,東京都,千代田区,丸の内新丸の内ビルディング
1006504,13,東京都,千代田区,丸の内新丸の内ビルディング
1006505,13,東京都,千代田区,丸の内新丸の内ビルディング
1006506,13,東京都,千代田区,丸の内新丸の内ビルディング
1006507,13,東京都,千代田区,丸の内新丸の内ビルディング
1006508,13,東京都,千代田区,丸の内新丸の内ビルディング
1006509,13,東京都,千代田区,丸の内新丸の内ビルディング
1006510,13,東京都,千代田区,丸の内新丸の内ビルディング
1006511,13,東京都,千代田区,丸の内新丸の内ビルディング
1006512,13,東京都,千代田区,丸の内新丸の内ビルディング
1006513,13,東京都,千代田区,丸の内新丸の内ビルディング
1006514,13,東京都,千代田区,丸の内新丸の内ビルディング
1006515,13,東京都,千代田区,丸の内新丸の内ビルディング
1006516,13,東京都,千代田区,丸の内新丸の内ビルディング
1006517,13,東京都,千代田区,丸の内新丸の内ビルディング
1006518,13,東京都,千代田区,丸の内新丸の内ビルディング
1006519,13,東京都,千代田区,丸の内新丸の内ビルディング
1006520,13,東京都,千代田区,丸の内新丸の内ビルディング
1006521,13,東京都,千代田区,丸の内新丸の内ビルディング
1006522,13,東京都,千代田区,丸の内新丸の内ビルディング
1006523,13,東京都,千代田区,丸の内新丸の内ビルディング
1006524,13,東京都,千代田区,丸の内新丸の内ビルディング
1006525,13,東京都,千代田区,丸の内新丸の内ビルディング
1006526,13,東京都,千代田区,丸の内新丸の内ビルディング
1006527,13,東京都,千代田区,丸の内新丸の内ビルディング
1006528,13,東京都,千代田区,丸の内新丸の内ビルディング
1006529,13,東京都,千代田区,丸の内新丸の内ビルディング
1006530,13,東京都,千代田区,丸の内新丸の内ビルディング
1006531,13,東京都,千代田区,丸の内新丸の内ビルディング
1006532,13,東京都,千代田区,丸の内新丸の内ビルディング
1006533,13,東京都,千代田区,丸の内新丸の内ビルディング
1006534,13,東京都,千代田区,丸の内新丸の内ビルディング
1006535,13,東京都,千代田区,丸の内新丸の内ビルディング
1006536,13,東京都,千代田区,丸の内新丸の内ビルディング
1006537,13,東京都,千代田区,丸の内新丸の内ビルディング
1006538,13,東京都,千代田区,丸の内新丸の内ビルディング
1006590,13,東京都,千代田区,丸の内新丸の内ビルディング
1006601,13,東京都,千代田区,丸の内グラントウキョウサウスタワー
1006602,13,東京都,千代田区,丸の内グラントウキョウサウスタワー
1006603,13,東京都,千代田区,丸の内グラントウキョウサウスタワー
1006604,13,東京都,千代田区,丸の内グラントウキョウサウスタワー
1006605,13,東京都,千代田区,丸の内グラントウキョウサウスタワー
1006606,13,東京都,千代田区,丸の内グラントウキョウサウスタワー
1006607,13,東京都,千代田区,丸の内グラントウキョウサウスタワー
1006608,13,東京都,千代田区,丸の内グラントウキョウサウスタワー
1006609,13,東京都,千代田区,丸の内グラントウキョウサウスタワー
1006610,13,東京都,千代田区,丸の内グラントウキョウサウスタワー
1006611,13,東京都,千代田区,丸の内グラントウキョウサウスタワー
1006612,13,東京都,千代田区,丸の内グラントウキョウサウスタワー
1006613,13,東京都,千代田区,丸の内グラントウキョウサウスタワー
1006614,13,東京都,千代田区,丸の内グラントウキョウサウスタワー
1006615,13,東京都,千代田区,丸の内グラントウキョウサウスタワー
1006616,13,東京都,千代田区,丸の内グラントウキョウサウスタワー
1006617,13,東京都,千代田区,丸の内グラントウキョウサウスタワー
1006618,13,東京都,千代田区,丸の内グラントウキョウサウスタワー
1006619,13,東京都,千代田区,丸の内グラントウキョウサウスタワー
1006620,13,東京都,千代田区,丸の内グラントウキョウサウスタワー
1006621,13,東京都,千代田区,丸の内グラントウキョウサウスタワー
1006622,13,東京都,千代田区,丸の内グラントウキョウサウスタワー
1006623,13,東京都,千代田区,丸の内グラントウキョウサウスタワー
1006624,13,東京都,千代田区,丸の内グラントウキョウサウスタワー
1006625,13,東京都,千代田区,丸の内グラントウキョウサウスタワー
1006626,13,東京都,千代田区,丸の内グラントウキョウサウスタワー
1006627,13,東京都,千代田区,丸の内グラントウキョウサウスタワー
1006628,13,東京都,千代田区,丸の内グラントウキョウサウスタワー
1006629,13,東京都,千代田区,丸の内グラントウキョウサウスタワー
1006630,13,東京都,千代田区,丸の内グラントウキョウサウスタワー
1006631,13,東京都,千代田区,丸の内グラントウキョウサウスタワー
1006632,13,東京都,千代田区,丸の内グラントウキョウサウスタワー
1006633,13,東京都,千代田区,丸の内グラントウキョウサウスタワー
1006634,13,東京都,千代田区,丸の内グラントウキョウサウスタワー
1006635,13,東京都,千代田区,丸の内グラントウキョウサウスタワー
1006636,13,東京都,千代田区,丸の内グラントウキョウサウスタワー
1006637,13,東京都,千代田区,丸の内グラントウキョウサウスタワー
1006638,13,東京都,千代田区,丸の内グラントウキョウサウスタワー
1006639,13,東京都,千代田区,丸の内グラントウキョウサウスタワー
1006640,13,東京都,千代田区,丸の内グラントウキョウサウスタワー
1006641,13,東京都,千代田区,丸の内グラントウキョウサウスタワー
1006642,13,東京都,千代田区,丸の内グラントウキョウサウスタワー
1006690,13,東京都,千代田区,丸の内グラントウキョウサウスタワー
1006701,13,東京都,千代田区,丸の内グラントウキョウノースタワー
1006702,13,東京都,千代田区,丸の内グラントウキョウノースタワー
1006703,13,東京都,千代田区,丸の内グラントウキョウノースタワー
1006704,13,東京都,千代田区,丸の内グラントウキョウノースタワー
1006705,13,東京都,千代田区,丸の内グラントウキョウノースタワー
1006706,13,東京都,千代田区,丸の内グラントウキョウノースタワー
1006707,13,東京都,千代田区,丸の内グラントウキョウノースタワー
1006708,13,東京都,千代田区,丸の内グラントウキョウノースタワー
1006709,13,東京都,千代田区,丸の内グラントウキョウノースタワー
1006710,13,東京都,千代田区,丸の内グラントウキョウノースタワー
1006711,13,東京都,千代田区,丸の内グラントウキョウノースタワー
1006712,13,東京都,千代田区,丸の内グラントウキョウノースタワー
1006713,13,東京都,千代田区,丸の内グラントウキョウノースタワー
1006714,13,東京都,千代田区,丸の内グラントウキョウノースタワー
1006715,13,東京都,千代田区,丸の内グラントウキョウノースタワー
1006716,13,東京都,千代田区,丸の内グラントウキョウノースタワー
1006717,13,東京都,千代田区,丸の内グラントウキョウノースタワー
1006718,13,東京都,千代田区,丸の内グラントウキョウノースタワー
1006719,13,東京都,千代田区,丸の内グラントウキョウノースタワー
1006720,13,東京都,千代田区,丸の内グラントウキョウノースタワー
1006721,13,東京都,千代田区,丸の内グラントウキョウノースタワー
1006722,13,東京都,千代田区,丸の内グラントウキョウノースタワー
1006723,13,東京都,千代田区,丸の内グラントウキョウノースタワー
1006724,13,東京都,千代田区,丸の内グラントウキョウノースタワー
1006725,13,東京都,千代田区,丸の内グラントウキョウノースタワー
1006726,13,東京都,千代田区,丸の内グラントウキョウノースタワー
1006727,13,東京都,千代田区,丸の内グラントウキョウノースタワー
1006728,13,東京都,千代田区,丸の内グラントウキョウノースタワー
1006729,13,東京都,千代田区,丸の内グラントウキョウノースタワー
1006730,13,東京都,千代田区,丸の内グラントウキョウノースタワー
1006731,13,東京都,千代田区,丸の内グラントウキョウノースタワー
1006732,13,東京都,千代田区,丸の内グラントウキョウノースタワー
1006733,13,東京都,千代田区,丸の内グラントウキョウノースタワー
1006734,13,東京都,千代田区,丸の内グラントウキョウノースタワー
1006735,13,東京都,千代田区,丸の内グラントウキョウノースタワー
1006736,13,東京都,千代田区,丸の内グラントウキョウノースタワー
1006737,13,東京都,千代田区,丸の内グラントウキョウノースタワー
1006738,13,東京都,千代田区,丸の内グラントウキョウノースタワー
1006739,13,東京都,千代田区,丸の内グラントウキョウノースタワー
1006740,13,東京都,千代田区,丸の内グラントウキョウノースタワー
1006741,13,東京都,千代田区,丸の内グラントウキョウノースタワー
1006742,13,東京都,千代田区,丸の内グラントウキョウノースタワー
1006743,13,東京都,千代田区,丸の内グラントウキョウノースタワー
1006790,13,東京都,千代田区,丸の内グラントウキョウノースタワー
1006801,13,東京都,千代田区,大手町ＪＡビル
1006802,13,東京都,千代田区,大手町ＪＡビル
1006803,13,東京都,千代田区,大手町ＪＡビル
1006804,13,東京都,千代田区,大手町ＪＡビル
1006805,13,東京都,千代田区,大手町ＪＡビル
1006806,13,東京都,千代田区,大手町ＪＡビル
1006807,13,東京都,千代田区,大手町ＪＡビル
1006808,13,東京都,千代田区,大手町ＪＡビル
1006809,13,東京都,千代田区,大手町ＪＡビル
1006810,13,東京都,千代田区,大手町ＪＡビル
1006811,13,東京都,千代田区,大手町ＪＡビル
1006812,13,東京都,千代田区,大手町ＪＡビル
1006813,13,東京都,千代田区,大手町ＪＡビル
1006814,13,東京都,千代田区,大手町ＪＡビル
1006815,13,東京都,千代田区,大手町ＪＡビル
1006816,13,東京都,千代田区,大手町ＪＡビル
1006817,13,東京都,千代田区,大手町ＪＡビル
1006818,13,東京都,千代田区,大手町ＪＡビル
1006819,13,東京都,千代田区,大手町ＪＡビル
1006820,13,東京都,千代田区,大手町ＪＡビル
1006821,13,東京都,千代田区,大手町ＪＡビル
1006822,13,東京都,千代田区,大手町ＪＡビル
1006823,13,東京都,千代田区,大手町ＪＡビル
1006824,13,東京都,千代田区,大手町ＪＡビル
1006825,13,東京都,千代田区,大手町ＪＡビル
1006826,13,東京都,千代田区,大手町ＪＡビル
1006827,13,東京都,千代田区,大手町ＪＡビル
1006828,13,東京都,千代田区,大手町ＪＡビル
1006829,13,東京都,千代田区,大手町ＪＡビル
1006830,13,東京都,千代田区,大手町ＪＡビル
1006831,13,東京都,千代田区,大手町ＪＡビル
1006832,13,東京都,千代田区,大手町ＪＡビル
1006833,13,東京都,千代田区,大手町ＪＡビル
1006834,13,東京都,千代田区,大手町ＪＡビル
1006835,13,東京都,千代田区,大手町ＪＡビル
1006836,13,東京都,千代田区,大手町ＪＡビル
1006837,13,東京都,千代田区,大手町ＪＡビル
1006890,13,東京都,千代田区,大手町ＪＡビル
1006901,13,東京都,千代田区,丸の内丸の内パークビルディング
1006902,13,東京都,千代田区,丸の内丸の内パークビルディング
1006903,13,東京都,千代田区,丸の内丸の内パークビルディング
1006904,13,東京都,千代田区,丸の内丸の内パークビルディング
1006905,13,東京都,千代田区,丸の内丸の内パークビルディング
1006906,13,東京都,千代田区,丸の内丸の内パークビルディング
1006907,13,東京都,千代田区,丸の内丸の内パークビルディング
1006908,13,東京都,千代田区,丸の内丸の内パークビルディング
1006909,13,東京都,千代田区,丸の内丸の内パークビルディング
1006910,13,東京都,千代田区,丸の内丸の内パークビルディング
1006911,13,東京都,千代田区,丸の内丸の内パークビルディング
1006912,13,東京都,千代田区,丸の内丸の内パークビルディング
1006913,13,東京都,千代田区,丸の内丸の内パークビルディング
1006914,13,東京都,千代田区,丸の内丸の内パークビルディング
1006915,13,東京都,千代田区,丸の内丸の内パークビルディング
1006916,13,東京都,千代田区,丸の内丸の内パークビルディング
1006917,13,東京都,千代田区,丸の内丸の内パークビルディング
1006918,13,東京都,千代田区,丸の内丸の内パークビルディング
1006919,13,東京都,千代田区,丸の内丸の内パークビルディング
1006920,13,東京都,千代田区,丸の内丸の内パークビルディング
1006921,13,東京都,千代田区,丸の内丸の内パークビルディング
1006922,13,東京都,千代田区,丸の内丸の内パークビルディング
1006923,13,東京都,千代田区,丸の内丸の内パークビルディング
1006924,13,東京都,千代田区,丸の内丸の内パークビルディング
1006925,13,東京都,千代田区,丸の内丸の内パークビルディング
1006926,13,東京都,千代田区,丸の内丸の内パークビルディング
1006927,13,東京都,千代田区,丸の内丸の内パークビルディング
1006928,13,東京都,千代田区,丸の内丸の内パークビルディング
1006929,13,東京都,千代田区,丸の内丸の内パークビルディング
1006930,13,東京都,千代田区,丸の内丸の内パークビルディング
1006931,13,東京都,千代田区,丸の内丸の内パークビルディング
1006932,13,東京都,千代田区,丸の内丸の内パークビルディング
1006933,13,東京都,千代田区,丸の内丸の内パークビルディング
1006934,13,東京都,千代田区,丸の内丸の内パークビルディング
1006990,13,東京都,千代田区,丸の内丸の内パークビルディング
1007001,13,東京都,千代田区,丸の内ＪＰタワー
1007002,13,東京都,千代田区,丸の内ＪＰタワー
1007003,13,東京都,千代田区,丸の内ＪＰタワー
1007004,13,東京都,千代田区,丸の内ＪＰタワー
1007005,13,東京都,千代田区,丸の内ＪＰタワー
1007006,13,東京都,千代田区,丸の内ＪＰタワー
1007007,13,東京都,千代田区,丸の内ＪＰタワー
1007008,13,東京都,千代田区,丸の内ＪＰタワー
1007009,13,東京都,千代田区,丸の内ＪＰタワー
1007010,13,東京都,千代田区,丸の内ＪＰタワー
1007011,13,東京都,千代田区,丸の内ＪＰタワー
1007012,13,東京都,千代田区,丸の内ＪＰタワー
1007013,13,東京都,千代田区,丸の内ＪＰタワー
1007014,13,東京都,千代田区,丸の内ＪＰタワー
1007015,13,東京都,千代田区,丸の内ＪＰタワー
1007016,13,東京都,千代田区,丸の内ＪＰタワー
1007017,13,東京都,千代田区,丸の内ＪＰタワー
1007018,13,東京都,千代田区,丸の内ＪＰタワー
1007019,13,東京都,千代田区,丸の内ＪＰタワー
1007020,13,東京都,千代田区,丸の内ＪＰタワー
1007021,13,東京都,千代田区,丸の内ＪＰタワー
1007022,13,東京都,千代田区,丸の内ＪＰタワー
1007023,13,東京都,千代田区,丸の内ＪＰタワー
1007024,13,東京都,千代田区,丸の内ＪＰタワー
1007025,13,東京都,千代田区,丸の内ＪＰタワー
1007026,13,東京都,千代田区,丸の内ＪＰタワー
1007027,13,東京都,千代田区,丸の内ＪＰタワー
1007028,13,東京都,千代田区,丸の内ＪＰタワー
1007029,13,東京都,千代田区,丸の内ＪＰタワー
1007030,13,東京都,千代田区,丸の内ＪＰタワー
1007031,13,東京都,千代田区,丸の内ＪＰタワー
1007032,13,東京都,千代田区,丸の内ＪＰタワー
1007033,13,東京都,千代田区,丸の内ＪＰタワー
1007034,13,東京都,千代田区,丸の内ＪＰタワー
1007035,13,東京都,千代田区,丸の内ＪＰタワー
1007036,13,東京都,千代田区,丸の内ＪＰタワー
1007037,13,東京都,千代田区,丸の内ＪＰタワー
1007038,13,東京都,千代田区,丸の内ＪＰタワー
1007090,13,東京都,千代田区,丸の内ＪＰタワー
1010003,13,東京都,千代田区,一ツ橋
1010021,13,東京都,千代田区,外神田
1010022,13,東京都,千代田区,神田練塀町
1010023,13,東京都,千代田区,神田松永町
1010024,13,東京都,千代田区,神田和泉町
1010025,13,東京都,千代田区,神田佐久間町
1010026,13,東京都,千代田区,神田佐久間河岸
1010027,13,東京都,千代田区,神田平河町
1010028,13,東京都,千代田区,神田花岡町
1010029,13,東京都,千代田区,神田相生町
1010031,13,東京都,千代田区,東神田
1010032,13,東京都,千代田区,岩本町
1010033,13,東京都,千代田区,神田岩本町
1010034,13,東京都,千代田区,神田東紺屋町
1010035,13,東京都,千代田区,神田紺屋町
1010036,13,東京都,千代田区,神田北乗物町
1010037,13,東京都,千代田区,神田西福田町
1010038,13,東京都,千代田区,神田美倉町
1010041,13,東京都,千代田区,神田須田町
1010042,13,東京都,千代田区,神田東松下町
1010043,13,東京都,千代田区,神田富山町
1010044,13,東京都,千代田区,鍛冶町
1010045,13,東京都,千代田区,神田鍛冶町
1010046,13,東京都,千代田区,神田多町
1010047,13,東京都,千代田区,内神田
1010048,13,東京都,千代田区,神田司町
1010051,13,東京都,千代田区,神田神保町
1010052,13,東京都,千代田区,神田小川町
1010053,13,東京都,千代田区,神田美土代町
1010054,13,東京都,千代田区,神田錦町
1010061,13,東京都,千代田区,三崎町
1010061,13,東京都,千代田区,神田三崎町
1010062,13,東京都,千代田区,神田駿河台
1010063,13,東京都,千代田区,神田淡路町
1010064,13,東京都,千代田区,猿楽町
1010064,13,東京都,千代田区,神田猿楽町
1010065,13,東京都,千代田区,西神田
1020071,13,東京都,千代田区,富士見
1020072,13,東京都,千代田区,飯田橋
1020073,13,東京都,千代田区,九段北
1020074,13,東京都,千代田区,九段南
1020075,13,東京都,千代田区,三番町
1020076,13,東京都,千代田区,五番町
1020081,13,東京都,千代田区,四番町
1020082,13,東京都,千代田区,一番町
1020083,13,東京都,千代田区,麹町
1020084,13,東京都,千代田区,二番町
1020085,13,東京都,千代田区,六番町
1020091,13,東京都,千代田区,北の丸公園
1020092,13,東京都,千代田区,隼町
1020093,13,東京都,千代田区,平河町
1020094,13,東京都,千代田区,紀尾井町
1030000,13,東京都,中央区,
1030001,13,東京都,中央区,日本橋小伝馬町
1030002,13,東京都,中央区,日本橋馬喰町
1030003,13,東京都,中央区,日本橋横山町
1030004,13,東京都,中央区,東日本橋
1030005,13,東京都,中央区,日本橋久松町
1030006,13,東京都,中央区,日本橋富沢町
1030007,13,東京都,中央区,日本橋浜町
1030008,13,東京都,中央区,日本橋中洲
1030011,13,東京都,中央区,日本橋大伝馬町
1030012,13,東京都,中央区,日本橋堀留町
1030013,13,東京都,中央区,日本橋人形町
1030014,13,東京都,中央区,日本橋蛎殻町
1030015,13,東京都,中央区,日本橋箱崎町
1030016,13,東京都,中央区,日本橋小網町
1030021,13,東京都,中央区,日本橋本石町
1030022,13,東京都,中央区,日本橋室町
1030023,13,東京都,中央区,日本橋本町
1030024,13,東京都,中央区,日本橋小舟町
1030025,13,東京都,中央区,日本橋茅場町
1030026,13,東京都,中央区,日本橋兜町
1030027,13,東京都,中央区,日本橋
1030028,13,東京都,中央区,八重洲
1036001,13,東京都,中央区,日本橋東京日本橋タワー
1036002,13,東京都,中央区,日本橋東京日本橋タワー
1036003,13,東京都,中央区,日本橋東京日本橋タワー
1036004,13,東京都,中央区,日本橋東京日本橋タワー
1036005,13,東京都,中央区,日本橋東京日本橋タワー
1036006,13,東京都,中央区,日本橋東京日本橋タワー
1036007,13,東京都,中央区,日本橋東京日本橋タワー
1036008,13,東京都,中央区,日本橋東京日本橋タワー
1036009,13,東京都,中央区,日本橋東京日本橋タワー
1036010,13,東京都,中央区,日本橋東京日本橋タワー
1036011,13,東京都,中央区,日本橋東京日本橋タワー
1036012,13,東京都,中央区,日本橋東京日本橋タワー
1036013,13,東京都,中央区,日本橋東京日本橋タワー
1036014,13,東京都,中央区,日本橋東京日本橋タワー
1036015,13,東京都,中央区,日本橋東京日本橋タワー
1036016,13,東京都,中央区,日本橋東京日本橋タワー
1036017,13,東京都,中央区,日本橋東京日本橋タワー
1036018,13,東京都,中央区,日本橋東京日本橋タワー
1036019,13,東京都,中央区,日本橋東京日本橋タワー
1036020,13,東京都,中央区,日本橋東京日本橋タワー
1036021,13,東京都,中央区,日本橋東京日本橋タワー
1036022,13,東京都,中央区,日本橋東京日本橋タワー
1036023,13,東京都,中央区,日本橋東京日本橋タワー
1036024,13,東京都,中央区,日本橋東京日本橋タワー
1036025,13,東京都,中央区,日本橋東京日本橋タワー
1036026,13,東京都,中央区,日本橋東京日本橋タワー
1036027,13,東京都,中央区,日本橋東京日本橋タワー
1036028,13,東京都,中央区,日本橋東京日本橋タワー
1036029,13,東京都,中央区,日本橋東京日本橋タワー
1036030,13,東京都,中央区,日本橋東京日本橋タワー
1036031,13,東京都,中央区,日本橋東京日本橋タワー
1036032,13,東京都,中央区,日本橋東京日本橋タワー
1036033,13,東京都,中央区,日本橋東京日本橋タワー
1036034,13,東京都,中央区,日本橋東京日本橋タワー
1036035,13,東京都,中央区,日本橋東京日本橋タワー
1036090,13,東京都,中央区,日本橋東京日本橋タワー
1040028,13,東京都,中央区,八重洲
1040031,13,東京都,中央区,京橋
1040032,13,東京都,中央区,八丁堀
1040033,13,東京都,中央区,新川
1040041,13,東京都,中央区,新富
1040042,13,東京都,中央区,入船
1040043,13,東京都,中央区,湊
1040044,13,東京都,中央区,明石町
1040045,13,東京都,中央区,築地
1040046,13,東京都,中央区,浜離宮庭園
1040051,13,東京都,中央区,佃
1040052,13,東京都,中央区,月島
1040053,13,東京都,中央区,晴海
1040054,13,東京都,中央区,勝どき
1040055,13,東京都,中央区,豊海町
1040061,13,東京都,中央区,銀座
1046001,13,東京都,中央区,晴海オフィスタワーＸ
1046002,13,東京都,中央区,晴海オフィスタワーＸ
1046003,13,東京都,中央区,晴海オフィスタワーＸ
1046004,13,東京都,中央区,晴海オフィスタワーＸ
1046005,13,東京都,中央区,晴海オフィスタワーＸ
1046006,13,東京都,中央区,晴海オフィスタワーＸ
1046007,13,東京都,中央区,晴海オフィスタワーＸ
1046008,13,東京都,中央区,晴海オフィスタワーＸ
1046009,13,東京都,中央区,晴海オフィスタワーＸ
1046010,13,東京都,中央区,晴海オフィスタワーＸ
1046011,13,東京都,中央区,晴海オフィスタワーＸ
1046012,13,東京都,中央区,晴海オフィスタワーＸ
1046013,13,東京都,中央区,晴海オフィスタワーＸ
1046014,13,東京都,中央区,晴海オフィスタワーＸ
1046015,13,東京都,中央区,晴海オフィスタワーＸ
1046016,13,東京都,中央区,晴海オフィスタワーＸ
1046017,13,東京都,中央区,晴海オフィスタワーＸ
1046018,13,東京都,中央区,晴海オフィスタワーＸ
1046019,13,東京都,中央区,晴海オフィスタワーＸ
1046020,13,東京都,中央区,晴海オフィスタワーＸ
1046021,13,東京都,中央区,晴海オフィスタワーＸ
1046022,13,東京都,中央区,晴海オフィスタワーＸ
1046023,13,東京都,中央区,晴海オフィスタワーＸ
1046024,13,東京都,中央区,晴海オフィスタワーＸ
1046025,13,東京都,中央区,晴海オフィスタワーＸ
1046026,13,東京都,中央区,晴海オフィスタワーＸ
1046027,13,東京都,中央区,晴海オフィスタワーＸ
1046028,13,東京都,中央区,晴海オフィスタワーＸ
1046029,13,東京都,中央区,晴海オフィスタワーＸ
1046030,13,東京都,中央区,晴海オフィスタワーＸ
1046031,13,東京都,中央区,晴海オフィスタワーＸ
1046032,13,東京都,中央区,晴海オフィスタワーＸ
1046033,13,東京都,中央区,晴海オフィスタワーＸ
1046034,13,東京都,中央区,晴海オフィスタワーＸ
1046035,13,東京都,中央区,晴海オフィスタワーＸ
1046036,13,東京都,中央区,晴海オフィスタワーＸ
1046037,13,東京都,中央区,晴海オフィスタワーＸ
1046038,13,東京都,中央区,晴海オフィスタワーＸ
1046039,13,東京都,中央区,晴海オフィスタワーＸ
1046040,13,東京都,中央区,晴海オフィスタワーＸ
1046041,13,東京都,中央区,晴海オフィスタワーＸ
1046042,13,東京都,中央区,晴海オフィスタワーＸ
1046043,13,東京都,中央区,晴海オフィスタワーＸ
1046044,13,東京都,中央区,晴海オフィスタワーＸ
1046090,13,東京都,中央区,晴海オフィスタワーＸ
1046101,13,東京都,中央区,晴海オフィスタワーＹ
1046102,13,東京都,中央区,晴海オフィスタワーＹ
1046103,13,東京都,中央区,晴海オフィスタワーＹ
1046104,13,東京都,中央区,晴海オフィスタワーＹ
1046105,13,東京都,中央区,晴海オフィスタワーＹ
1046106,13,東京都,中央区,晴海オフィスタワーＹ
1046107,13,東京都,中央区,晴海オフィスタワーＹ
1046108,13,東京都,中央区,晴海オフィスタワーＹ
1046109,13,東京都,中央区,晴海オフィスタワーＹ
1046110,13,東京都,中央区,晴海オフィスタワーＹ
1046111,13,東京都,中央区,晴海オフィスタワーＹ
1046112,13,東京都,中央区,晴海オフィスタワーＹ
1046113,13,東京都,中央区,晴海オフィスタワーＹ
1046114,13,東京都,中央区,晴海オフィスタワーＹ
1046115,13,東京都,中央区,晴海オフィスタワーＹ
1046116,13,東京都,中央区,晴海オフィスタワーＹ
1046117,13,東京都,中央区,晴海オフィスタワーＹ
1046118,13,東京都,中央区,晴海オフィスタワーＹ
1046119,13,東京都,中央区,晴海オフィスタワーＹ
1046120,13,東京都,中央区,晴海オフィスタワーＹ
1046121,13,東京都,中央区,晴海オフィスタワーＹ
1046122,13,東京都,中央区,晴海オフィスタワーＹ
1046123,13,東京都,中央区,晴海オフィスタワーＹ
1046124,13,東京都,中央区,晴海オフィスタワーＹ
1046125,13,東京都,中央区,晴海オフィスタワーＹ
1046126,13,東京都,中央区,晴海オフィスタワーＹ
1046127,13,東京都,中央区,晴海オフィスタワーＹ
1046128,13,東京都,中央区,晴海オフィスタワーＹ
1046129,13,東京都,中央区,晴海オフィスタワーＹ
1046130,13,東京都,中央区,晴海オフィスタワーＹ
1046131,13,東京都,中央区,晴海オフィスタワーＹ
1046132,13,東京都,中央区,晴海オフィスタワーＹ
1046133,13,東京都,中央区,晴海オフィスタワーＹ
1046134,13,東京都,中央区,晴海オフィスタワーＹ
1046135,13,東京都,中央区,晴海オフィスタワーＹ
1046136,13,東京都,中央区,晴海オフィスタワーＹ
1046137,13,東京都,中央区,晴海オフィスタワーＹ
1046138,13,東京都,中央区,晴海オフィスタワーＹ
1046139,13,東京都,中央区,晴海オフィスタワーＹ
1046190,13,東京都,中央区,晴海オフィスタワーＹ
1046201,13,東京都,中央区,晴海オフィスタワーＺ
1046202,13,東京都,中央区,晴海オフィスタワーＺ
1046203,13,東京都,中央区,晴海オフィスタワーＺ
1046204,13,東京都,中央区,晴海オフィスタワーＺ
1046205,13,東京都,中央区,晴海オフィスタワーＺ
1046206,13,東京都,中央区,晴海オフィスタワーＺ
1046207,13,東京都,中央区,晴海オフィスタワーＺ
1046208,13,東京都,中央区,晴海オフィスタワーＺ
1046209,13,東京都,中央区,晴海オフィスタワーＺ
1046210,13,東京都,中央区,晴海オフィスタワーＺ
1046211,13,東京都,中央区,晴海オフィスタワーＺ
1046212,13,東京都,中央区,晴海オフィスタワーＺ
1046213,13,東京都,中央区,晴海オフィスタワーＺ
1046214,13,東京都,中央区,晴海オフィスタワーＺ
1046215,13,東京都,中央区,晴海オフィスタワーＺ
1046216,13,東京都,中央区,晴海オフィスタワーＺ
1046217,13,東京都,中央区,晴海オフィスタワーＺ
1046218,13,東京都,中央区,晴海オフィスタワーＺ
1046219,13,東京都,中央区,晴海オフィスタワーＺ
1046220,13,東京都,中央区,晴海オフィスタワーＺ
1046221,13,東京都,中央区,晴海オフィスタワーＺ
1046222,13,東京都,中央区,晴海オフィスタワーＺ
1046223,13,東京都,中央区,晴海オフィスタワーＺ
1046224,13,東京都,中央区,晴海オフィスタワーＺ
1046225,13,東京都,中央区,晴海オフィスタワーＺ
1046226,13,東京都,中央区,晴海オフィスタワーＺ
1046227,13,東京都,中央区,晴海オフィスタワーＺ
1046228,13,東京都,中央区,晴海オフィスタワーＺ
1046229,13,東京都,中央区,晴海オフィスタワーＺ
1046230,13,東京都,中央区,晴海オフィスタワーＺ
1046231,13,東京都,中央区,晴海オフィスタワーＺ
1046232,13,東京都,中央区,晴海オフィスタワーＺ
1046233,13,東京都,中央区,晴海オフィスタワーＺ
1046290,13,東京都,中央区,晴海オフィスタワーＺ
1050000,13,東京都,港区,
1050001,13,東京都,港区,虎ノ門
1050002,13,東京都,港区,愛宕
1050003,13,東京都,港区,西新橋
1050004,13,東京都,港区,新橋
1050011,13,東京都,港区,芝公園
1050012,13,東京都,港区,芝大門
1050013,13,東京都,港区,浜松町
1050014,13,東京都,港区,芝
1050021,13,東京都,港区,東新橋
1050022,13,東京都,港区,海岸
1050023,13,東京都,港区,芝浦
1056001,13,東京都,港区,虎ノ門城山トラストタワー
1056002,13,東京都,港区,虎ノ門城山トラストタワー
1056003,13,東京都,港区,虎ノ門城山トラストタワー
1056004,13,東京都,港区,虎ノ門城山トラストタワー
1056005,13,東京都,港区,虎ノ門城山トラストタワー
1056006,13,東京都,港区,虎ノ門城山トラストタワー
1056007,13,東京都,港区,虎ノ門城山トラストタワー
1056008,13,東京都,港区,虎ノ門城山トラストタワー
1056009,13,東京都,港区,虎ノ門城山トラストタワー
1056010,13,東京都,港区,虎ノ門城山トラストタワー
1056011,13,東京都,港区,虎ノ門城山トラストタワー
1056012,13,東京都,港区,虎ノ門城山トラストタワー
1056013,13,東京都,港区,虎ノ門城山トラストタワー
1056014,13,東京都,港区,虎ノ門城山トラストタワー
1056015,13,東京都,港区,虎ノ門城山トラストタワー
1056016,13,東京都,港区,虎ノ門城山トラストタワー
1056017,13,東京都,港区,虎ノ門城山トラストタワー
1056018,13,東京都,港区,虎ノ門城山トラストタワー
1056019,13,東京都,港区,虎ノ門城山トラストタワー
1056020,13,東京都,港区,虎ノ門城山トラストタワー
1056021,13,東京都,港区,虎ノ門城山トラストタワー
1056022,13,東京都,港区,虎ノ門城山トラストタワー
1056023,13,東京都,港区,虎ノ門城山トラストタワー
1056024,13,東京都,港区,虎ノ門城山トラストタワー
1056025,13,東京都,港区,虎ノ門城山トラストタワー
1056026,13,東京都,港区,虎ノ門城山トラストタワー
1056027,13,東京都,港区,虎ノ門城山トラストタワー
1056028,13,東京都,港区,虎ノ門城山トラストタワー
1056029,13,東京都,港区,虎ノ門城山トラストタワー
1056030,13,東京都,港区,虎ノ門城山トラストタワー
1056031,13,東京都,港区,虎ノ門城山トラストタワー
1056032,13,東京都,港区,虎ノ門城山トラストタワー
1056033,13,東京都,港区,虎ノ門城山トラストタワー
1056034,13,東京都,港区,虎ノ門城山トラストタワー
1056035,13,東京都,港区,虎ノ門城山トラストタワー
1056036,13,東京都,港区,虎ノ門城山トラストタワー
1056037,13,東京都,港区,虎ノ門城山トラストタワー
1056090,13,東京都,港区,虎ノ門城山トラストタワー
1056101,13,東京都,港区,浜松町世界貿易センタービル
1056102,13,東京都,港区,浜松町世界貿易センタービル
1056103,13,東京都,港区,浜松町世界貿易センタービル
1056104,13,東京都,港区,浜松町世界貿易センタービル
1056105,13,東京都,港区,浜松町世界貿易センタービル
1056106,13,東京都,港区,浜松町世界貿易センタービル
1056107,13,東京都,港区,浜松町世界貿易センタービル
1056108,13,東京都,港区,浜松町世界貿易センタービル
1056109,13,東京都,港区,浜松町世界貿易センタービル
1056110,13,東京都,港区,浜松町世界貿易センタービル
1056111,13,東京都,港区,浜松町世界貿易センタービル
1056112,13,東京都,港区,浜松町世界貿易センタービル
1056113,13,東京都,港区,浜松町世界貿易センタービル
1056114,13,東京都,港区,浜松町世界貿易センタービル
1056115,13,東京都,港区,浜松町世界貿易センタービル
1056116,13,東京都,港区,浜松町世界貿易センタービル
1056117,13,東京都,港区,浜松町世界貿易センタービル
1056118,13,東京都,港区,浜松町世界貿易センタービル
1056119,13,東京都,港区,浜松町世界貿易センタービル
1056120,13,東京都,港区,浜松町世界貿易センタービル
1056121,13,東京都,港区,浜松町世界貿易センタービル
1056122,13,東京都,港区,浜松町世界貿易センタービル
1056123,13,東京都,港区,浜松町世界貿易センタービル
1056124,13,東京都,港区,浜松町世界貿易センタービル
1056125,13,東京都,港区,浜松町世界貿易センタービル
1056126,13,東京都,港区,浜松町世界貿易センタービル
1056127,13,東京都,港区,浜松町世界貿易センタービル
1056128,13,東京都,港区,浜松町世界貿易センタービル
1056129,13,東京都,港区,浜松町世界貿易センタービル
1056130,13,東京都,港区,浜松町世界貿易センタービル
1056131,13,東京都,港区,浜松町世界貿易センタービル
1056132,13,東京都,港区,浜松町世界貿易センタービル
1056133,13,東京都,港区,浜松町世界貿易センタービル
1056134,13,東京都,港区,浜松町世界貿易センタービル
1056135,13,東京都,港区,浜松町世界貿易センタービル
1056136,13,東京都,港区,浜松町世界貿易センタービル
1056137,13,東京都,港区,浜松町世界貿易センタービル
1056138,13,東京都,港区,浜松町世界貿易センタービル
1056139,13,東京都,港区,浜松町世界貿易センタービル
1056140,13,東京都,港区,浜松町世界貿易センタービル
1056190,13,東京都,港区,浜松町世界貿易センタービル
1056201,13,東京都,港区,愛宕愛宕グリーンヒルズＭＯＲＩタワー
1056202,13,東京都,港区,愛宕愛宕グリーンヒルズＭＯＲＩタワー
1056203,13,東京都,港区,愛宕愛宕グリーンヒルズＭＯＲＩタワー
1056204,13,東京都,港区,愛宕愛宕グリーンヒルズＭＯＲＩタワー
1056205,13,東京都,港区,愛宕愛宕グリーンヒルズＭＯＲＩタワー
1056206,13,東京都,港区,愛宕愛宕グリーンヒルズＭＯＲＩタワー
1056207,13,東京都,港区,愛宕愛宕グリーンヒルズＭＯＲＩタワー
1056208,13,東京都,港区,愛宕愛宕グリーンヒルズＭＯＲＩタワー
1056209,13,東京都,港区,愛宕愛宕グリーンヒルズＭＯＲＩタワー
1056210,13,東京都,港区,愛宕愛宕グリーンヒルズＭＯＲＩタワー
1056211,13,東京都,港区,愛宕愛宕グリーンヒルズＭＯＲＩタワー
1056212,13,東京都,港区,愛宕愛宕グリーンヒルズＭＯＲＩタワー
1056213,13,東京都,港区,愛宕愛宕グリーンヒルズＭＯＲＩタワー
1056214,13,東京都,港区,愛宕愛宕グリーンヒルズＭＯＲＩタワー
1056215,13,東京都,港区,愛宕愛宕グリーンヒルズＭＯＲＩタワー
1056216,13,東京都,港区,愛宕愛宕グリーンヒルズＭＯＲＩタワー
1056217,13,東京都,港区,愛宕愛宕グリーンヒルズＭＯＲＩタワー
1056218,13,東京都,港区,愛宕愛宕グリーンヒルズＭＯＲＩタワー
1056219,13,東京都,港区,愛宕愛宕グリーンヒルズＭＯＲＩタワー
1056220,13,東京都,港区,愛宕愛宕グリーンヒルズＭＯＲＩタワー
1056221,13,東京都,港区,愛宕愛宕グリーンヒルズＭＯＲＩタワー
1056222,13,東京都,港区,愛宕愛宕グリーンヒルズＭＯＲＩタワー
1056223,13,東京都,港区,愛宕愛宕グリーンヒルズＭＯＲＩタワー
1056224,13,東京都,港区,愛宕愛宕グリーンヒルズＭＯＲＩタワー
1056225,13,東京都,港区,愛宕愛宕グリーンヒルズＭＯＲＩタワー
1056226,13,東京都,港区,愛宕愛宕グリーンヒルズＭＯＲＩタワー
1056227,13,東京都,港区,愛宕愛宕グリーンヒルズＭＯＲＩタワー
1056228,13,東京都,港区,愛宕愛宕グリーンヒルズＭＯＲＩタワー
1056229,13,東京都,港区,愛宕愛宕グリーンヒルズＭＯＲＩタワー
1056230,13,東京都,港区,愛宕愛宕グリーンヒルズＭＯＲＩタワー
1056231,13,東京都,港区,愛宕愛宕グリーンヒルズＭＯＲＩタワー
1056232,13,東京都,港区,愛宕愛宕グリーンヒルズＭＯＲＩタワー
1056233,13,東京都,港区,愛宕愛宕グリーンヒルズＭＯＲＩタワー
1056234,13,東京都,港区,愛宕愛宕グリーンヒルズＭＯＲＩタワー
1056235,13,東京都,港区,愛宕愛宕グリーンヒルズＭＯＲＩタワー
1056236,13,東京都,港区,愛宕愛宕グリーンヒルズＭＯＲＩタワー
1056237,13,東京都,港区,愛宕愛宕グリーンヒルズＭＯＲＩタワー
1056238,13,東京都,港区,愛宕愛宕グリーンヒルズＭＯＲＩタワー
1056239,13,東京都,港区,愛宕愛宕グリーンヒルズＭＯＲＩタワー
1056240,13,東京都,港区,愛宕愛宕グリーンヒルズＭＯＲＩタワー
1056241,13,東京都,港区,愛宕愛宕グリーンヒルズＭＯＲＩタワー
1056242,13,東京都,港区,愛宕愛宕グリーンヒルズＭＯＲＩタワー
1056290,13,東京都,港区,愛宕愛宕グリーンヒルズＭＯＲＩタワー
1056301,13,東京都,港区,虎ノ門虎ノ門ヒルズ森タワー
1056302,13,東京都,港区,虎ノ門虎ノ門ヒルズ森タワー
1056303,13,東京都,港区,虎ノ門虎ノ門ヒルズ森タワー
1056304,13,東京都,港区,虎ノ門虎ノ門ヒルズ森タワー
1056305,13,東京都,港区,虎ノ門虎ノ門ヒルズ森タワー
1056306,13,東京都,港区,虎ノ門虎ノ門ヒルズ森タワー
1056307,13,東京都,港区,虎ノ門虎ノ門ヒルズ森タワー
1056308,13,東京都,港区,虎ノ門虎ノ門ヒルズ森タワー
1056309,13,東京都,港区,虎ノ門虎ノ門ヒルズ森タワー
1056310,13,東京都,港区,虎ノ門虎ノ門ヒルズ森タワー
1056311,13,東京都,港区,虎ノ門虎ノ門ヒルズ森タワー
1056312,13,東京都,港区,虎ノ門虎ノ門ヒルズ森タワー
1056313,13,東京都,港区,虎ノ門虎ノ門ヒルズ森タワー
1056314,13,東京都,港区,虎ノ門虎ノ門ヒルズ森タワー
1056315,13,東京都,港区,虎ノ門虎ノ門ヒルズ森タワー
1056316,13,東京都,港区,虎ノ門虎ノ門ヒルズ森タワー
1056317,13,東京都,港区,虎ノ門虎ノ門ヒルズ森タワー
1056318,13,東京都,港区,虎ノ門虎ノ門ヒルズ森タワー
1056319,13,東京都,港区,虎ノ門虎ノ門ヒルズ森タワー
1056320,13,東京都,港区,虎ノ門虎ノ門ヒルズ森タワー
1056321,13,東京都,港区,虎ノ門虎ノ門ヒルズ森タワー
1056322,13,東京都,港区,虎ノ門虎ノ門ヒルズ森タワー
1056323,13,東京都,港区,虎ノ門虎ノ門ヒルズ森タワー
1056324,13,東京都,港区,虎ノ門虎ノ門ヒルズ森タワー
1056325,13,東京都,港区,虎ノ門虎ノ門ヒルズ森タワー
1056326,13,東京都,港区,虎ノ門虎ノ門ヒルズ森タワー
1056327,13,東京都,港区,虎ノ門虎ノ門ヒルズ森タワー
1056328,13,東京都,港区,虎ノ門虎ノ門ヒルズ森タワー
1056329,13,東京都,港区,虎ノ門虎ノ門ヒルズ森タワー
1056330,13,東京都,港区,虎ノ門虎ノ門ヒルズ森タワー
1056331,13,東京都,港区,虎ノ門虎ノ門ヒルズ森タワー
1056332,13,東京都,港区,虎ノ門虎ノ門ヒルズ森タワー
1056333,13,東京都,港区,虎ノ門虎ノ門ヒルズ森タワー
1056334,13,東京都,港区,虎ノ門虎ノ門ヒルズ森タワー
1056335,13,東京都,港区,虎ノ門虎ノ門ヒルズ森タワー
1056336,13,東京都,港区,虎ノ門虎ノ門ヒルズ森タワー
1056390,13,東京都,港区,虎ノ門虎ノ門ヒルズ森タワー
1057001,13,東京都,港区,東新橋電通本社ビル
1057002,13,東京都,港区,東新橋電通本社ビル
1057003,13,東京都,港区,東新橋電通本社ビル
1057004,13,東京都,港区,東新橋電通本社ビル
1057005,13,東京都,港区,東新橋電通本社ビル
1057006,13,東京都,港区,東新橋電通本社ビル
1057007,13,東京都,港区,東新橋電通本社ビル
1057008,13,東京都,港区,東新橋電通本社ビル
1057009,13,東京都,港区,東新橋電通本社ビル
1057010,13,東京都,港区,東新橋電通本社ビル
1057011,13,東京都,港区,東新橋電通本社ビル
1057012,13,東京都,港区,東新橋電通本社ビル
1057013,13,東京都,港区,東新橋電通本社ビル
1057014,13,東京都,港区,東新橋電通本社ビル
1057015,13,東京都,港区,東新橋電通本社ビル
1057016,13,東京都,港区,東新橋電通本社ビル
1057017,13,東京都,港区,東新橋電通本社ビル
1057018,13,東京都,港区,東新橋電通本社ビル
1057019,13,東京都,港区,東新橋電通本社ビル
1057020,13,東京都,港区,東新橋電通本社ビル
1057021,13,東京都,港区,東新橋電通本社ビル
1057022,13,東京都,港区,東新橋電通本社ビル
1057023,13,東京都,港区,東新橋電通本社ビル
1057024,13,東京都,港区,東新橋電通本社ビル
1057025,13,東京都,港区,東新橋電通本社ビル
1057026,13,東京都,港区,東新橋電通本社ビル
1057027,13,東京都,港区,東新橋電通本社ビル
1057028,13,東京都,港区,東新橋電通本社ビル
1057029,13,東京都,港区,東新橋電通本社ビル
1057030,13,東京都,港区,東新橋電通本社ビル
1057031,13,東京都,港区,東新橋電通本社ビル
1057032,13,東京都,港区,東新橋電通本社ビル
1057033,13,東京都,港区,東新橋電通本社ビル
1057034,13,東京都,港区,東新橋電通本社ビル
1057035,13,東京都,港区,東新橋電通本社ビル
1057036,13,東京都,港区,東新橋電通本社ビル
1057037,13,東京都,港区,東新橋電通本社ビル
1057038,13,東京都,港区,東新橋電通本社ビル
1057039,13,東京都,港区,東新橋電通本社ビル
1057040,13,東京都,港区,東新橋電通本社ビル
1057041,13,東京都,港区,東新橋電通本社ビル
1057042,13,東京都,港区,東新橋電通本社ビル
1057043,13,東京都,港区,東新橋電通本社ビル
1057044,13,東京都,港区,東新橋電通本社ビル
1057045,13,東京都,港区,東新橋電通本社ビル
1057046,13,東京都,港区,東新橋電通本社ビル
1057047,13,東京都,港区,東新橋電通本社ビル
1057090,13,東京都,港区,東新橋電通本社ビル
1057101,13,東京都,港区,東新橋汐留シティセンター
1057102,13,東京都,港区,東新橋汐留シティセンター
1057103,13,東京都,港区,東新橋汐留シティセンター
1057104,13,東京都,港区,東新橋汐留シティセンター
1057105,13,東京都,港区,東新橋汐留シティセンター
1057106,13,東京都,港区,東新橋汐留シティセンター
1057107,13,東京都,港区,東新橋汐留シティセンター
1057108,13,東京都,港区,東新橋汐留シティセンター
1057109,13,東京都,港区,東新橋汐留シティセンター
1057110,13,東京都,港区,東新橋汐留シティセンター
1057111,13,東京都,港区,東新橋汐留シティセンター
1057112,13,東京都,港区,東新橋汐留シティセンター
1057113,13,東京都,港区,東新橋汐留シティセンター
1057114,13,東京都,港区,東新橋汐留シティセンター
1057115,13,東京都,港区,東新橋汐留シティセンター
1057116,13,東京都,港区,東新橋汐留シティセンター
1057117,13,東京都,港区,東新橋汐留シティセンター
1057118,13,東京都,港区,東新橋汐留シティセンター
1057119,13,東京都,港区,東新橋汐留シティセンター
1057120,13,東京都,港区,東新橋汐留シティセンター
1057121,13,東京都,港区,東新橋汐留シティセンター
1057122,13,東京都,港区,東新橋汐留シティセンター
1057123,13,東京都,港区,東新橋汐留シティセンター
1057124,13,東京都,港区,東新橋汐留シティセンター
1057125,13,東京都,港区,東新橋汐留シティセンター
1057126,13,東京都,港区,東新橋汐留シティセンター
1057127,13,東京都,港区,東新橋汐留シティセンター
1057128,13,東京都,港区,東新橋汐留シティセンター
1057129,13,東京都,港区,東新橋汐留シティセンター
1057130,13,東京都,港区,東新橋汐留シティセンター
1057131,13,東京都,港区,東新橋汐留シティセンター
1057132,13,東京都,港区,東新橋汐留シティセンター
1057133,13,東京都,港区,東新橋汐留シティセンター
1057134,13,東京都,港区,東新橋汐留シティセンター
1057135,13,東京都,港区,東新橋汐留シティセンター
1057136,13,東京都,港区,東新橋汐留シティセンター
1057137,13,東京都,港区,東新橋汐留シティセンター
1057138,13,東京都,港区,東新橋汐留シティセンター
1057139,13,東京都,港区,東新橋汐留シティセンター
1057140,13,東京都,港区,東新橋汐留シティセンター
1057141,13,東京都,港区,東新橋汐留シティセンター
1057142,13,東京都,港区,東新橋汐留シティセンター
1057143,13,東京都,港区,東新橋汐留シティセンター
1057190,13,東京都,港区,東新橋汐留シティセンター
1057201,13,東京都,港区,東新橋汐留メディアタワー
1057202,13,東京都,港区,東新橋汐留メディアタワー
1057203,13,東京都,港区,東新橋汐留メディアタワー
1057204,13,東京都,港区,東新橋汐留メディアタワー
1057205,13,東京都,港区,東新橋汐留メディアタワー
1057206,13,東京都,港区,東新橋汐留メディアタワー
1057207,13,東京都,港区,東新橋汐留メディアタワー
1057208,13,東京都,港区,東新橋汐留メディアタワー
1057209,13,東京都,港区,東新橋汐留メディアタワー
1057210,13,東京都,港区,東新橋汐留メディアタワー
1057211,13,東京都,港区,東新橋汐留メディアタワー
1057212,13,東京都,港区,東新橋汐留メディアタワー
1057213,13,東京都,港区,東新橋汐留メディアタワー
1057214,13,東京都,港区,東新橋汐留メディアタワー
1057215,13,東京都,港区,東新橋汐留メディアタワー
1057216,13,東京都,港区,東新橋汐留メディアタワー
1057217,13,東京都,港区,東新橋汐留メディアタワー
1057218,13,東京都,港区,東新橋汐留メディアタワー
1057219,13,東京都,港区,東新橋汐留メディアタワー
1057220,13,東京都,港区,東新橋汐留メディアタワー
1057221,13,東京都,港区,東新橋汐留メディアタワー
1057222,13,東京都,港区,東新橋汐留メディアタワー
1057223,13,東京都,港区,東新橋汐留メディアタワー
1057224,13,東京都,港区,東新橋汐留メディアタワー
1057225,13,東京都,港区,東新橋汐留メディアタワー
1057226,13,東京都,港区,東新橋汐留メディアタワー
1057227,13,東京都,港区,東新橋汐留メディアタワー
1057228,13,東京都,港区,東新橋汐留メディアタワー
1057229,13,東京都,港区,東新橋汐留メディアタワー
1057230,13,東京都,港区,東新橋汐留メディアタワー
1057231,13,東京都,港区,東新橋汐留メディアタワー
1057232,13,東京都,港区,東新橋汐留メディアタワー
1057233,13,東京都,港区,東新橋汐留メディアタワー
1057234,13,東京都,港区,東新橋汐留メディアタワー
1057290,13,東京都,港区,東新橋汐留メディアタワー
1057301,13,東京都,港区,東新橋東京汐留ビルディング
1057302,13,東京都,港区,東新橋東京汐留ビルディング
1057303,13,東京都,港区,東新橋東京汐留ビルディング
1057304,13,東京都,港区,東新橋東京汐留ビルディング
1057305,13,東京都,港区,東新橋東京汐留ビルディング
1057306,13,東京都,港区,東新橋東京汐留ビルディング
1057307,13,東京都,港区,東新橋東京汐留ビルディング
1057308,13,東京都,港区,東新橋東京汐留ビルディング
1057309,13,東京都,港区,東新橋東京汐留ビルディング
1057310,13,東京都,港区,東新橋東京汐留ビルディング
1057311,13,東京都,港区,東新橋東京汐留ビルディング
1057312,13,東京都,港区,東新橋東京汐留ビルディング
1057313,13,東京都,港区,東新橋東京汐留ビルディング
1057314,13,東京都,港区,東新橋東京汐留ビルディング
1057315,13,東京都,港区,東新橋東京汐留ビルディング
1057316,13,東京都,港区,東新橋東京汐留ビルディング
1057317,13,東京都,港区,東新橋東京汐留ビルディング
1057318,13,東京都,港区,東新橋東京汐留ビルディング
1057319,13,東京都,港区,東新橋東京汐留ビルディング
1057320,13,東京都,港区,東新橋東京汐留ビルディング
1057321,13,東京都,港区,東新橋東京汐留ビルディング
1057322,13,東京都,港区,東新橋東京汐留ビルディング
1057323,13,東京都,港区,東新橋東京汐留ビルディング
1057324,13,東京都,港区,東新橋東京汐留ビルディング
1057325,13,東京都,港区,東新橋東京汐留ビルディング
1057326,13,東京都,港区,東新橋東京汐留ビルディング
1057327,13,東京都,港区,東新橋東京汐留ビルディング
1057328,13,東京都,港区,東新橋東京汐留ビルディング
1057329,13,東京都,港区,東新橋東京汐留ビルディング
1057330,13,東京都,港区,東新橋東京汐留ビルディング
1057331,13,東京都,港区,東新橋東京汐留ビルディング
1057332,13,東京都,港区,東新橋東京汐留ビルディング
1057333,13,東京都,港区,東新橋東京汐留ビルディング
1057334,13,東京都,港区,東新橋東京汐留ビルディング
1057335,13,東京都,港区,東新橋東京汐留ビルディング
1057336,13,東京都,港区,東新橋東京汐留ビルディング
1057337,13,東京都,港区,東新橋東京汐留ビルディング
1057390,13,東京都,港区,東新橋東京汐留ビルディング
1057401,13,東京都,港区,東新橋日本テレビタワー
1057402,13,東京都,港区,東新橋日本テレビタワー
1057403,13,東京都,港区,東新橋日本テレビタワー
1057404,13,東京都,港区,東新橋日本テレビタワー
1057405,13,東京都,港区,東新橋日本テレビタワー
1057406,13,東京都,港区,東新橋日本テレビタワー
1057407,13,東京都,港区,東新橋日本テレビタワー
1057408,13,東京都,港区,東新橋日本テレビタワー
1057409,13,東京都,港区,東新橋日本テレビタワー
1057410,13,東京都,港区,東新橋日本テレビタワー
1057411,13,東京都,港区,東新橋日本テレビタワー
1057412,13,東京都,港区,東新橋日本テレビタワー
1057413,13,東京都,港区,東新橋日本テレビタワー
1057414,13,東京都,港区,東新橋日本テレビタワー
1057415,13,東京都,港区,東新橋日本テレビタワー
1057416,13,東京都,港区,東新橋日本テレビタワー
1057417,13,東京都,港区,東新橋日本テレビタワー
1057418,13,東京都,港区,東新橋日本テレビタワー
1057419,13,東京都,港区,東新橋日本テレビタワー
1057420,13,東京都,港区,東新橋日本テレビタワー
1057421,13,東京都,港区,東新橋日本テレビタワー
1057422,13,東京都,港区,東新橋日本テレビタワー
1057423,13,東京都,港区,東新橋日本テレビタワー
1057424,13,東京都,港区,東新橋日本テレビタワー
1057425,13,東京都,港区,東新橋日本テレビタワー
1057426,13,東京都,港区,東新橋日本テレビタワー
1057427,13,東京都,港区,東新橋日本テレビタワー
1057428,13,東京都,港区,東新橋日本テレビタワー
1057429,13,東京都,港区,東新橋日本テレビタワー
1057430,13,東京都,港区,東新橋日本テレビタワー
1057431,13,東京都,港区,東新橋日本テレビタワー
1057432,13,東京都,港区,東新橋日本テレビタワー
1057490,13,東京都,港区,東新橋日本テレビタワー
1060031,13,東京都,港区,西麻布
1060032,13,東京都,港区,六本木
1060041,13,東京都,港区,麻布台
1060042,13,東京都,港区,麻布狸穴町
1060043,13,東京都,港区,麻布永坂町
1060044,13,東京都,港区,東麻布
1060045,13,東京都,港区,麻布十番
1060046,13,東京都,港区,元麻布
1060047,13,東京都,港区,南麻布
1066001,13,東京都,港区,六本木泉ガーデンタワー
1066002,13,東京都,港区,六本木泉ガーデンタワー
1066003,13,東京都,港区,六本木泉ガーデンタワー
1066004,13,東京都,港区,六本木泉ガーデンタワー
1066005,13,東京都,港区,六本木泉ガーデンタワー
1066006,13,東京都,港区,六本木泉ガーデンタワー
1066007,13,東京都,港区,六本木泉ガーデンタワー
1066008,13,東京都,港区,六本木泉ガーデンタワー
1066009,13,東京都,港区,六本木泉ガーデンタワー
1066010,13,東京都,港区,六本木泉ガーデンタワー
1066011,13,東京都,港区,六本木泉ガーデンタワー
1066012,13,東京都,港区,六本木泉ガーデンタワー
1066013,13,東京都,港区,六本木泉ガーデンタワー
1066014,13,東京都,港区,六本木泉ガーデンタワー
1066015,13,東京都,港区,六本木泉ガーデンタワー
1066016,13,東京都,港区,六本木泉ガーデンタワー
1066017,13,東京都,港区,六本木泉ガーデンタワー
1066018,13,東京都,港区,六本木泉ガーデンタワー
1066019,13,東京都,港区,六本木泉ガーデンタワー
1066020,13,東京都,港区,六本木泉ガーデンタワー
1066021,13,東京都,港区,六本木泉ガーデンタワー
1066022,13,東京都,港区,六本木泉ガーデンタワー
1066023,13,東京都,港区,六本木泉ガーデンタワー
1066024,13,東京都,港区,六本木泉ガーデンタワー
1066025,13,東京都,港区,六本木泉ガーデンタワー
1066026,13,東京都,港区,六本木泉ガーデンタワー
1066027,13,東京都,港区,六本木泉ガーデンタワー
1066028,13,東京都,港区,六本木泉ガーデンタワー
1066029,13,東京都,港区,六本木泉ガーデンタワー
1066030,13,東京都,港区,六本木泉ガーデンタワー
1066031,13,東京都,港区,六本木泉ガーデンタワー
1066032,13,東京都,港区,六本木泉ガーデンタワー
1066033,13,東京都,港区,六本木泉ガーデンタワー
1066034,13,東京都,港区,六本木泉ガーデンタワー
1066035,13,東京都,港区,六本木泉ガーデンタワー
1066036,13,東京都,港区,六本木泉ガーデンタワー
1066037,13,東京都,港区,六本木泉ガーデンタワー
1066038,13,東京都,港区,六本木泉ガーデンタワー
1066039,13,東京都,港区,六本木泉ガーデンタワー
1066040,13,東京都,港区,六本木泉ガーデンタワー
1066041,13,東京都,港区,六本木泉ガーデンタワー
1066042,13,東京都,港区,六本木泉ガーデンタワー
1066043,13,東京都,港区,六本木泉ガーデンタワー
1066044,13,東京都,港区,六本木泉ガーデンタワー
1066045,13,東京都,港区,六本木泉ガーデンタワー
1066090,13,東京都,港区,六本木泉ガーデンタワー
1066101,13,東京都,港区,六本木六本木ヒルズ森タワー
1066102,13,東京都,港区,六本木六本木ヒルズ森タワー
1066103,13,東京都,港区,六本木六本木ヒルズ森タワー
1066104,13,東京都,港区,六本木六本木ヒルズ森タワー
1066105,13,東京都,港区,六本木六本木ヒルズ森タワー
1066106,13,東京都,港区,六本木六本木ヒルズ森タワー
1066107,13,東京都,港区,六本木六本木ヒルズ森タワー
1066108,13,東京都,港区,六本木六本木ヒルズ森タワー
1066109,13,東京都,港区,六本木六本木ヒルズ森タワー
1066110,13,東京都,港区,六本木六本木ヒルズ森タワー
1066111,13,東京都,港区,六本木六本木ヒルズ森タワー
1066112,13,東京都,港区,六本木六本木ヒルズ森タワー
1066113,13,東京都,港区,六本木六本木ヒルズ森タワー
1066114,13,東京都,港区,六本木六本木ヒルズ森タワー
1066115,13,東京都,港区,六本木六本木ヒルズ森タワー
1066116,13,東京都,港区,六本木六本木ヒルズ森タワー
1066117,13,東京都,港区,六本木六本木ヒルズ森タワー
1066118,13,東京都,港区,六本木六本木ヒルズ森タワー
1066119,13,東京都,港区,六本木六本木ヒルズ森タワー
1066120,13,東京都,港区,六本木六本木ヒルズ森タワー
1066121,13,東京都,港区,六本木六本木ヒルズ森タワー
1066122,13,東京都,港区,六本木六本木ヒルズ森タワー
1066123,13,東京都,港区,六本木六本木ヒルズ森タワー
1066124,13,東京都,港区,六本木六本木ヒルズ森タワー
1066125,13,東京都,港区,六本木六本木ヒルズ森タワー
1066126,13,東京都,港区,六本木六本木ヒルズ森タワー
1066127,13,東京都,港区,六本木六本木ヒルズ森タワー
1066128,13,東京都,港区,六本木六本木ヒルズ森タワー
1066129,13,東京都,港区,六本木六本木ヒルズ森タワー
1066130,13,東京都,港区,六本木六本木ヒルズ森タワー
1066131,13,東京都,港区,六本木六本木ヒルズ森タワー
1066132,13,東京都,港区,六本木六本木ヒルズ森タワー
1066133,13,東京都,港区,六本木六本木ヒルズ森タワー
1066134,13,東京都,港区,六本木六本木ヒルズ森タワー
1066135,13,東京都,港区,六本木六本木ヒルズ森タワー
1066136,13,東京都,港区,六本木六本木ヒルズ森タワー
1066137,13,東京都,港区,六本木六本木ヒルズ森タワー
1066138,13,東京都,港区,六本木六本木ヒルズ森タワー
1066139,13,東京都,港区,六本木六本木ヒルズ森タワー
1066140,13,東京都,港区,六本木六本木ヒルズ森タワー
1066141,13,東京都,港区,六本木六本木ヒルズ森タワー
1066142,13,東京都,港区,六本木六本木ヒルズ森タワー
1066143,13,東京都,港区,六本木六本木ヒルズ森タワー
1066144,13,東京都,港区,六本木六本木ヒルズ森タワー
1066145,13,東京都,港区,六本木六本木ヒルズ森タワー
1066146,13,東京都,港区,六本木六本木ヒルズ森タワー
1066147,13,東京都,港区,六本木六本木ヒルズ森タワー
1066148,13,東京都,港区,六本木六本木ヒルズ森タワー
1066149,13,東京都,港区,六本木六本木ヒルズ森タワー
1066150,13,東京都,港区,六本木六本木ヒルズ森タワー
1066151,13,東京都,港区,六本木六本木ヒルズ森タワー
1066152,13,東京都,港区,六本木六本木ヒルズ森タワー
1066153,13,東京都,港区,六本木六本木ヒルズ森タワー
1066154,13,東京都,港区,六本木六本木ヒルズ森タワー
1066190,13,東京都,港区,六本木六本木ヒルズ森タワー
1066201,13,東京都,港区,六本木住友不動産六本木グランドタワー
1066202,13,東京都,港区,六本木住友不動産六本木グランドタワー
1066203,13,東京都,港区,六本木住友不動産六本木グランドタワー
1066204,13,東京都,港区,六本木住友不動産六本木グランドタワー
1066205,13,東京都,港区,六本木住友不動産六本木グランドタワー
1066206,13,東京都,港区,六本木住友不動産六本木グランドタワー
1066207,13,東京都,港区,六本木住友不動産六本木グランドタワー
1066208,13,東京都,港区,六本木住友不動産六本木グランドタワー
1066209,13,東京都,港区,六本木住友不動産六本木グランドタワー
1066210,13,東京都,港区,六本木住友不動産六本木グランドタワー
1066211,13,東京都,港区,六本木住友不動産六本木グランドタワー
1066212,13,東京都,港区,六本木住友不動産六本木グランドタワー
1066213,13,東京都,港区,六本木住友不動産六本木グランドタワー
1066214,13,東京都,港区,六本木住友不動産六本木グランドタワー
1066215,13,東京都,港区,六本木住友不動産六本木グランドタワー
1066216,13,東京都,港区,六本木住友不動産六本木グランドタワー
1066217,13,東京都,港区,六本木住友不動産六本木グランドタワー
1066218,13,東京都,港区,六本木住友不動産六本木グランドタワー
1066219,13,東京都,港区,六本木住友不動産六本木グランドタワー
1066220,13,東京都,港区,六本木住友不動産六本木グランドタワー
1066221,13,東京都,港区,六本木住友不動産六本木グランドタワー
1066222,13,東京都,港区,六本木住友不動産六本木グランドタワー
1066223,13,東京都,港区,六本木住友不動産六本木グランドタワー
1066224,13,東京都,港区,六本木住友不動産六本木グランドタワー
1066225,13,東京都,港区,六本木住友不動産六本木グランドタワー
1066226,13,東京都,港区,六本木住友不動産六本木グランドタワー
1066227,13,東京都,港区,六本木住友不動産六本木グランドタワー
1066228,13,東京都,港区,六本木住友不動産六本木グランドタワー
1066229,13,東京都,港区,六本木住友不動産六本木グランドタワー
1066230,13,東京都,港区,六本木住友不動産六本木グランドタワー
1066231,13,東京都,港区,六本木住友不動産六本木グランドタワー
1066232,13,東京都,港区,六本木住友不動産六本木グランドタワー
1066233,13,東京都,港区,六本木住友不動産六本木グランドタワー
1066234,13,東京都,港区,六本木住友不動産六本木グランドタワー
1066235,13,東京都,港区,六本木住友不動産六本木グランドタワー
1066236,13,東京都,港区,六本木住友不動産六本木グランドタワー
1066237,13,東京都,港区,六本木住友不動産六本木グランドタワー
1066238,13,東京都,港区,六本木住友不動産六本木グランドタワー
1066239,13,東京都,港区,六本木住友不動産六本木グランドタワー
1066240,13,東京都,港区,六本木住友不動産六本木グランドタワー
1066290,13,東京都,港区,六本木住友不動産六本木グランドタワー
1070051,13,東京都,港区,元赤坂
1070052,13,東京都,港区,赤坂
1070061,13,東京都,港区,北青山
1070062,13,東京都,港区,南青山
1076001,13,東京都,港区,赤坂赤坂アークヒルズ・アーク森ビル
1076002,13,東京都,港区,赤坂赤坂アークヒルズ・アーク森ビル
1076003,13,東京都,港区,赤坂赤坂アークヒルズ・アーク森ビル
1076004,13,東京都,港区,赤坂赤坂アークヒルズ・アーク森ビル
1076005,13,東京都,港区,赤坂赤坂アークヒルズ・アーク森ビル
1076006,13,東京都,港区,赤坂赤坂アークヒルズ・アーク森ビル
1076007,13,東京都,港区,赤坂赤坂アークヒルズ・アーク森ビル
1076008,13,東京都,港区,赤坂赤坂アークヒルズ・アーク森ビル
1076009,13,東京都,港区,赤坂赤坂アークヒルズ・アーク森ビル
1076010,13,東京都,港区,赤坂赤坂アークヒルズ・アーク森ビル
1076011,13,東京都,港区,赤坂赤坂アークヒルズ・アーク森ビル
1076012,13,東京都,港区,赤坂赤坂アークヒルズ・アーク森ビル
1076013,13,東京都,港区,赤坂赤坂アークヒルズ・アーク森ビル
1076014,13,東京都,港区,赤坂赤坂アークヒルズ・アーク森ビル
1076015,13,東京都,港区,赤坂赤坂アークヒルズ・アーク森ビル
1076016,13,東京都,港区,赤坂赤坂アークヒルズ・アーク森ビル
1076017,13,東京都,港区,赤坂赤坂アークヒルズ・アーク森ビル
1076018,13,東京都,港区,赤坂赤坂アークヒルズ・アーク森ビル
1076019,13,東京都,港区,赤坂赤坂アークヒルズ・アーク森ビル
1076020,13,東京都,港区,赤坂赤坂アークヒルズ・アーク森ビル
1076021,13,東京都,港区,赤坂赤坂アークヒルズ・アーク森ビル
1076022,13,東京都,港区,赤坂赤坂アークヒルズ・アーク森ビル
1076023,13,東京都,港区,赤坂赤坂アークヒルズ・アーク森ビル
1076024,13,東京都,港区,赤坂赤坂アークヒルズ・アーク森ビル
1076025,13,東京都,港区,赤坂赤坂アークヒルズ・アーク森ビル
1076026,13,東京都,港区,赤坂赤坂アークヒルズ・アーク森ビル
1076027,13,東京都,港区,赤坂赤坂アークヒルズ・アーク森ビル
1076028,13,東京都,港区,赤坂赤坂アークヒルズ・アーク森ビル
1076029,13,東京都,港区,赤坂赤坂アークヒルズ・アーク森ビル
1076030,13,東京都,港区,赤坂赤坂アークヒルズ・アーク森ビル
1076031,13,東京都,港区,赤坂赤坂アークヒルズ・アーク森ビル
1076032,13,東京都,港区,赤坂赤坂アークヒルズ・アーク森ビル
1076033,13,東京都,港区,赤坂赤坂アークヒルズ・アーク森ビル
1076034,13,東京都,港区,赤坂赤坂アークヒルズ・アーク森ビル
1076035,13,東京都,港区,赤坂赤坂アークヒルズ・アーク森ビル
1076036,13,東京都,港区,赤坂赤坂アークヒルズ・アーク森ビル
1076037,13,東京都,港区,赤坂赤坂アークヒルズ・アーク森ビル
1076090,13,東京都,港区,赤坂赤坂アークヒルズ・アーク森ビル
1076101,13,東京都,港区,赤坂赤坂パークビル
1076102,13,東京都,港区,赤坂赤坂パークビル
1076103,13,東京都,港区,赤坂赤坂パークビル
1076104,13,東京都,港区,赤坂赤坂パークビル
1076105,13,東京都,港区,赤坂赤坂パークビル
1076106,13,東京都,港区,赤坂赤坂パークビル
1076107,13,東京都,港区,赤坂赤坂パークビル
1076108,13,東京都,港区,赤坂赤坂パークビル
1076109,13,東京都,港区,赤坂赤坂パークビル
1076110,13,東京都,港区,赤坂赤坂パークビル
1076111,13,東京都,港区,赤坂赤坂パークビル
1076112,13,東京都,港区,赤坂赤坂パークビル
1076113,13,東京都,港区,赤坂赤坂パークビル
1076114,13,東京都,港区,赤坂赤坂パークビル
1076115,13,東京都,港区,赤坂赤坂パークビル
1076116,13,東京都,港区,赤坂赤坂パークビル
1076117,13,東京都,港区,赤坂赤坂パークビル
1076118,13,東京都,港区,赤坂赤坂パークビル
1076119,13,東京都,港区,赤坂赤坂パークビル
1076120,13,東京都,港区,赤坂赤坂パークビル
1076121,13,東京都,港区,赤坂赤坂パークビル
1076122,13,東京都,港区,赤坂赤坂パークビル
1076123,13,東京都,港区,赤坂赤坂パークビル
1076124,13,東京都,港区,赤坂赤坂パークビル
1076125,13,東京都,港区,赤坂赤坂パークビル
1076126,13,東京都,港区,赤坂赤坂パークビル
1076127,13,東京都,港区,赤坂赤坂パークビル
1076128,13,東京都,港区,赤坂赤坂パークビル
1076129,13,東京都,港区,赤坂赤坂パークビル
1076130,13,東京都,港区,赤坂赤坂パークビル
1076190,13,東京都,港区,赤坂赤坂パークビル
1076201,13,東京都,港区,赤坂ミッドタウン・タワー
1076202,13,東京都,港区,赤坂ミッドタウン・タワー
1076203,13,東京都,港区,赤坂ミッドタウン・タワー
1076204,13,東京都,港区,赤坂ミッドタウン・タワー
1076205,13,東京都,港区,赤坂ミッドタウン・タワー
1076206,13,東京都,港区,赤坂ミッドタウン・タワー
1076207,13,東京都,港区,赤坂ミッドタウン・タワー
1076208,13,東京都,港区,赤坂ミッドタウン・タワー
1076209,13,東京都,港区,赤坂ミッドタウン・タワー
1076210,13,東京都,港区,赤坂ミッドタウン・タワー
1076211,13,東京都,港区,赤坂ミッドタウン・タワー
1076212,13,東京都,港区,赤坂ミッドタウン・タワー
1076213,13,東京都,港区,赤坂ミッドタウン・タワー
1076214,13,東京都,港区,赤坂ミッドタウン・タワー
1076215,13,東京都,港区,赤坂ミッドタウン・タワー
1076216,13,東京都,港区,赤坂ミッドタウン・タワー
1076217,13,東京都,港区,赤坂ミッドタウン・タワー
1076218,13,東京都,港区,赤坂ミッドタウン・タワー
1076219,13,東京都,港区,赤坂ミッドタウン・タワー
1076220,13,東京都,港区,赤坂ミッドタウン・タワー
1076221,13,東京都,港区,赤坂ミッドタウン・タワー
1076222,13,東京都,港区,赤坂ミッドタウン・タワー
1076223,13,東京都,港区,赤坂ミッドタウン・タワー
1076224,13,東京都,港区,赤坂ミッドタウン・タワー
1076225,13,東京都,港区,赤坂ミッドタウン・タワー
1076226,13,東京都,港区,赤坂ミッドタウン・タワー
1076227,13,東京都,港区,赤坂ミッドタウン・タワー
1076228,13,東京都,港区,赤坂ミッドタウン・タワー
1076229,13,東京都,港区,赤坂ミッドタウン・タワー
1076230,13,東京都,港区,赤坂ミッドタウン・タワー
1076231,13,東京都,港区,赤坂ミッドタウン・タワー
1076232,13,東京都,港区,赤坂ミッドタウン・タワー
1076233,13,東京都,港区,赤坂ミッドタウン・タワー
1076234,13,東京都,港区,赤坂ミッドタウン・タワー
1076235,13,東京都,港区,赤坂ミッドタウン・タワー
1076236,13,東京都,港区,赤坂ミッドタウン・タワー
1076237,13,東京都,港区,赤坂ミッドタウン・タワー
1076238,13,東京都,港区,赤坂ミッドタウン・タワー
1076239,13,東京都,港区,赤坂ミッドタウン・タワー
1076240,13,東京都,港区,赤坂ミッドタウン・タワー
1076241,13,東京都,港区,赤坂ミッドタウン・タワー
1076242,13,東京都,港区,赤坂ミッドタウン・タワー
1076243,13,東京都,港区,赤坂ミッドタウン・タワー
1076244,13,東京都,港区,赤坂ミッドタウン・タワー
1076245,13,東京都,港区,赤坂ミッドタウン・タワー
1076290,13,東京都,港区,赤坂ミッドタウン・タワー
1076301,13,東京都,港区,赤坂赤坂Ｂｉｚタワー
1076302,13,東京都,港区,赤坂赤坂Ｂｉｚタワー
1076303,13,東京都,港区,赤坂赤坂Ｂｉｚタワー
1076304,13,東京都,港区,赤坂赤坂Ｂｉｚタワー
1076305,13,東京都,港区,赤坂赤坂Ｂｉｚタワー
1076306,13,東京都,港区,赤坂赤坂Ｂｉｚタワー
1076307,13,東京都,港区,赤坂赤坂Ｂｉｚタワー
1076308,13,東京都,港区,赤坂赤坂Ｂｉｚタワー
1076309,13,東京都,港区,赤坂赤坂Ｂｉｚタワー
1076310,13,東京都,港区,赤坂赤坂Ｂｉｚタワー
1076311,13,東京都,港区,赤坂赤坂Ｂｉｚタワー
1076312,13,東京都,港区,赤坂赤坂Ｂｉｚタワー
1076313,13,東京都,港区,赤坂赤坂Ｂｉｚタワー
1076314,13,東京都,港区,赤坂赤坂Ｂｉｚタワー
1076315,13,東京都,港区,赤坂赤坂Ｂｉｚタワー
1076316,13,東京都,港区,赤坂赤坂Ｂｉｚタワー
1076317,13,東京都,港区,赤坂赤坂Ｂｉｚタワー
1076318,13,東京都,港区,赤坂赤坂Ｂｉｚタワー
1076319,13,東京都,港区,赤坂赤坂Ｂｉｚタワー
1076320,13,東京都,港区,赤坂赤坂Ｂｉｚタワー
1076321,13,東京都,港区,赤坂赤坂Ｂｉｚタワー
1076322,13,東京都,港区,赤坂赤坂Ｂｉｚタワー
1076323,13,東京都,港区,赤坂赤坂Ｂｉｚタワー
1076324,13,東京都,港区,赤坂赤坂Ｂｉｚタワー
1076325,13,東京都,港区,赤坂赤坂Ｂｉｚタワー
1076326,13,東京都,港区,赤坂赤坂Ｂｉｚタワー
1076327,13,東京都,港区,赤坂赤坂Ｂｉｚタワー
1076328,13,東京都,港区,赤坂赤坂Ｂｉｚタワー
1076329,13,東京都,港区,赤坂赤坂Ｂｉｚタワー
1076330,13,東京都,港区,赤坂赤坂Ｂｉｚタワー
1076331,13,東京都,港区,赤坂赤坂Ｂｉｚタワー
1076332,13,東京都,港区,赤坂赤坂Ｂｉｚタワー
1076333,13,東京都,港区,赤坂赤坂Ｂｉｚタワー
1076334,13,東京都,港区,赤坂赤坂Ｂｉｚタワー
1076335,13,東京都,港区,赤坂赤坂Ｂｉｚタワー
1076336,13,東京都,港区,赤坂赤坂Ｂｉｚタワー
1076337,13,東京都,港区,赤坂赤坂Ｂｉｚタワー
1076338,13,東京都,港区,赤坂赤坂Ｂｉｚタワー
1076339,13,東京都,港区,赤坂赤坂Ｂｉｚタワー
1076390,13,東京都,港区,赤坂赤坂Ｂｉｚタワー
1080014,13,東京都,港区,芝
1080022,13,東京都,港区,海岸
1080023,13,東京都,港区,芝浦
1080071,13,東京都,港区,白金台
1080072,13,東京都,港区,白金
1080073,13,東京都,港区,三田
1080074,13,東京都,港区,高輪
1080075,13,東京都,港区,港南
1086001,13,東京都,港区,港南品川インターシティＡ棟
1086002,13,東京都,港区,港南品川インターシティＡ棟
1086003,13,東京都,港区,港南品川インターシティＡ棟
1086004,13,東京都,港区,港南品川インターシティＡ棟
1086005,13,東京都,港区,港南品川インターシティＡ棟
1086006,13,東京都,港区,港南品川インターシティＡ棟
1086007,13,東京都,港区,港南品川インターシティＡ棟
1086008,13,東京都,港区,港南品川インターシティＡ棟
1086009,13,東京都,港区,港南品川インターシティＡ棟
1086010,13,東京都,港区,港南品川インターシティＡ棟
1086011,13,東京都,港区,港南品川インターシティＡ棟
1086012,13,東京都,港区,港南品川インターシティＡ棟
1086013,13,東京都,港区,港南品川インターシティＡ棟
1086014,13,東京都,港区,港南品川インターシティＡ棟
1086015,13,東京都,港区,港南品川インターシティＡ棟
1086016,13,東京都,港区,港南品川インターシティＡ棟
1086017,13,東京都,港区,港南品川インターシティＡ棟
1086018,13,東京都,港区,港南品川インターシティＡ棟
1086019,13,東京都,港区,港南品川インターシティＡ棟
1086020,13,東京都,港区,港南品川インターシティＡ棟
1086021,13,東京都,港区,港南品川インターシティＡ棟
1086022,13,東京都,港区,港南品川インターシティＡ棟
1086023,13,東京都,港区,港南品川インターシティＡ棟
1086024,13,東京都,港区,港南品川インターシティＡ棟
1086025,13,東京都,港区,港南品川インターシティＡ棟
1086026,13,東京都,港区,港南品川インターシティＡ棟
1086027,13,東京都,港区,港南品川インターシティＡ棟
1086028,13,東京都,港区,港南品川インターシティＡ棟
1086029,13,東京都,港区,港南品川インターシティＡ棟
1086030,13,東京都,港区,港南品川インターシティＡ棟
1086031,13,東京都,港区,港南品川インターシティＡ棟
1086032,13,東京都,港区,港南品川インターシティＡ棟
1086090,13,東京都,港区,港南品川インターシティＡ棟
1086101,13,東京都,港区,港南品川インターシティＢ棟
1086102,13,東京都,港区,港南品川インターシティＢ棟
1086103,13,東京都,港区,港南品川インターシティＢ棟
1086104,13,東京都,港区,港南品川インターシティＢ棟
1086105,13,東京都,港区,港南品川インターシティＢ棟
1086106,13,東京都,港区,港南品川インターシティＢ棟
1086107,13,東京都,港区,港南品川インターシティＢ棟
1086108,13,東京都,港区,港南品川インターシティＢ棟
1086109,13,東京都,港区,港南品川インターシティＢ棟
1086110,13,東京都,港区,港南品川インターシティＢ棟
1086111,13,東京都,港区,港南品川インターシティＢ棟
1086112,13,東京都,港区,港南品川インターシティＢ棟
1086113,13,東京都,港区,港南品川インターシティＢ棟
1086114,13,東京都,港区,港南品川インターシティＢ棟
1086115,13,東京都,港区,港南品川インターシティＢ棟
1086116,13,東京都,港区,港南品川インターシティＢ棟
1086117,13,東京都,港区,港南品川インターシティＢ棟
1086118,13,東京都,港区,港南品川インターシティＢ棟
1086119,13,東京都,港区,港南品川インターシティＢ棟
1086120,13,東京都,港区,港南品川インターシティＢ棟
1086121,13,東京都,港区,港南品川インターシティＢ棟
1086122,13,東京都,港区,港南品川インターシティＢ棟
1086123,13,東京都,港区,港南品川インターシティＢ棟
1086124,13,東京都,港区,港南品川インターシティＢ棟
1086125,13,東京都,港区,港南品川インターシティＢ棟
1086126,13,東京都,港区,港南品川インターシティＢ棟
1086127,13,東京都,港区,港南品川インターシティＢ棟
1086128,13,東京都,港区,港南品川インターシティＢ棟
1086129,13,東京都,港区,港南品川インターシティＢ棟
1086130,13,東京都,港区,港南品川インターシティＢ棟
1086131,13,東京都,港区,港南品川インターシティＢ棟
1086190,13,東京都,港区,港南品川インターシティＢ棟
1086201,13,東京都,港区,港南品川インターシティＣ棟
1086202,13,東京都,港区,港南品川インターシティＣ棟
1086203,13,東京都,港区,港南品川インターシティＣ棟
1086204,13,東京都,港区,港南品川インターシティＣ棟
1086205,13,東京都,港区,港南品川インターシティＣ棟
1086206,13,東京都,港区,港南品川インターシティＣ棟
1086207,13,東京都,港区,港南品川インターシティＣ棟
1086208,13,東京都,港区,港南品川インターシティＣ棟
1086209,13,東京都,港区,港南品川インターシティＣ棟
1086210,13,東京都,港区,港南品川インターシティＣ棟
1086211,13,東京都,港区,港南品川インターシティＣ棟
1086212,13,東京都,港区,港南品川インターシティＣ棟
1086213,13,東京都,港区,港南品川インターシティＣ棟
1086214,13,東京都,港区,港南品川インターシティＣ棟
1086215,13,東京都,港区,港南品川インターシティＣ棟
1086216,13,東京都,港区,港南品川インターシティＣ棟
1086217,13,東京都,港区,港南品川インターシティＣ棟
1086218,13,東京都,港区,港南品川インターシティＣ棟
1086219,13,東京都,港区,港南品川インターシティＣ棟
1086220,13,東京都,港区,港南品川インターシティＣ棟
1086221,13,東京都,港区,港南品川インターシティＣ棟
1086222,13,東京都,港区,港南品川インターシティＣ棟
1086223,13,東京都,港区,港南品川インターシティＣ棟
1086224,13,東京都,港区,港南品川インターシティＣ棟
1086225,13,東京都,港区,港南品川インターシティＣ棟
1086226,13,東京都,港区,港南品川インターシティＣ棟
1086227,13,東京都,港区,港南品川インターシティＣ棟
1086228,13,東京都,港区,港南品川インターシティＣ棟
1086229,13,東京都,港区,港南品川インターシティＣ棟
1086230,13,東京都,港区,港南品川インターシティＣ棟
1086231,13,東京都,港区,港南品川インターシティＣ棟
1086290,13,東京都,港区,港南品川インターシティＣ棟
1086301,13,東京都,港区,三田住友不動産三田ツインビル西館
1086302,13,東京都,港区,三田住友不動産三田ツインビル西館
1086303,13,東京都,港区,三田住友不動産三田ツインビル西館
1086304,13,東京都,港区,三田住友不動産三田ツインビル西館
1086305,13,東京都,港区,三田住友不動産三田ツインビル西館
1086306,13,東京都,港区,三田住友不動産三田ツインビル西館
1086307,13,東京都,港区,三田住友不動産三田ツインビル西館
1086308,13,東京都,港区,三田住友不動産三田ツインビル西館
1086309,13,東京都,港区,三田住友不動産三田ツインビル西館
1086310,13,東京都,港区,三田住友不動産三田ツインビル西館
1086311,13,東京都,港区,三田住友不動産三田ツインビル西館
1086312,13,東京都,港区,三田住友不動産三田ツインビル西館
1086313,13,東京都,港区,三田住友不動産三田ツインビル西館
1086314,13,東京都,港区,三田住友不動産三田ツインビル西館
1086315,13,東京都,港区,三田住友不動産三田ツインビル西館
1086316,13,東京都,港区,三田住友不動産三田ツインビル西館
1086317,13,東京都,港区,三田住友不動産三田ツインビル西館
1086318,13,東京都,港区,三田住友不動産三田ツインビル西館
1086319,13,東京都,港区,三田住友不動産三田ツインビル西館
1086320,13,東京都,港区,三田住友不動産三田ツインビル西館
1086321,13,東京都,港区,三田住友不動産三田ツインビル西館
1086322,13,東京都,港区,三田住友不動産三田ツインビル西館
1086323,13,東京都,港区,三田住友不動産三田ツインビル西館
1086324,13,東京都,港区,三田住友不動産三田ツインビル西館
1086325,13,東京都,港区,三田住友不動産三田ツインビル西館
1086326,13,東京都,港区,三田住友不動産三田ツインビル西館
1086327,13,東京都,港区,三田住友不動産三田ツインビル西館
1086328,13,東京都,港区,三田住友不動産三田ツインビル西館
1086329,13,東京都,港区,三田住友不動産三田ツインビル西館
1086330,13,東京都,港区,三田住友不動産三田ツインビル西館
1086390,13,東京都,港区,三田住友不動産三田ツインビル西館
1100000,13,東京都,台東区,
1100001,13,東京都,台東区,谷中
1100002,13,東京都,台東区,上野桜木
1100003,13,東京都,台東区,根岸
1100004,13,東京都,台東区,下谷
1100005,13,東京都,台東区,上野
1100006,13,東京都,台東区,秋葉原
1100007,13,東京都,台東区,上野公園
1100008,13,東京都,台東区,池之端
1100011,13,東京都,台東区,三ノ輪
1100012,13,東京都,台東区,竜泉
1100013,13,東京都,台東区,入谷
1100014,13,東京都,台東区,北上野
1100015,13,東京都,台東区,東上野
1100016,13,東京都,台東区,台東
1110021,13,東京都,台東区,日本堤
1110022,13,東京都,台東区,清川
1110023,13,東京都,台東区,橋場
1110024,13,東京都,台東区,今戸
1110025,13,東京都,台東区,東浅草
1110031,13,東京都,台東区,千束
1110032,13,東京都,台東区,浅草
1110033,13,東京都,台東区,花川戸
1110034,13,東京都,台東区,雷門
1110035,13,東京都,台東区,西浅草
1110036,13,東京都,台東区,松が谷
1110041,13,東京都,台東区,元浅草
1110042,13,東京都,台東区,寿
1110043,13,東京都,台東区,駒形
1110051,13,東京都,台東区,蔵前
1110052,13,東京都,台東区,柳橋
1110053,13,東京都,台東区,浅草橋
1110054,13,東京都,台東区,鳥越
1110055,13,東京都,台東区,三筋
1110056,13,東京都,台東区,小島
1120000,13,東京都,文京区,
1120001,13,東京都,文京区,白山
1120002,13,東京都,文京区,小石川
1120003,13,東京都,文京区,春日
1120004,13,東京都,文京区,後楽
1120005,13,東京都,文京区,水道
1120006,13,東京都,文京区,小日向
1120011,13,東京都,文京区,千石
1120012,13,東京都,文京区,大塚
1120013,13,東京都,文京区,音羽
1120014,13,東京都,文京区,関口
1120015,13,東京都,文京区,目白台
1130001,13,東京都,文京区,白山
1130021,13,東京都,文京区,本駒込
1130022,13,東京都,文京区,千駄木
1130023,13,東京都,文京区,向丘
1130024,13,東京都,文京区,西片
1130031,13,東京都,文京区,根津
1130032,13,東京都,文京区,弥生
1130033,13,東京都,文京区,本郷
1130034,13,東京都,文京区,湯島
1140000,13,東京都,北区,
1140001,13,東京都,北区,東十条
1140002,13,東京都,北区,王子
1140003,13,東京都,北区,豊島
1140004,13,東京都,北区,堀船
1140005,13,東京都,北区,栄町
1140011,13,東京都,北区,昭和町
1140012,13,東京都,北区,田端新町
1140013,13,東京都,北区,東田端
1140014,13,東京都,北区,田端
1140015,13,東京都,北区,中里
1140016,13,東京都,北区,上中里
1140021,13,東京都,北区,岸町
1140022,13,東京都,北区,王子本町
1140023,13,東京都,北区,滝野川
1140024,13,東京都,北区,西ケ原
1140031,13,東京都,北区,十条仲原
1140032,13,東京都,北区,中十条
1140033,13,東京都,北区,十条台
1140034,13,東京都,北区,上十条
1150041,13,東京都,北区,岩淵町
1150042,13,東京都,北区,志茂
1150043,13,東京都,北区,神谷
1150044,13,東京都,北区,赤羽南
1150045,13,東京都,北区,赤羽
1150051,13,東京都,北区,浮間
1150052,13,東京都,北区,赤羽北
1150053,13,東京都,北区,赤羽台
1150054,13,東京都,北区,桐ケ丘
1150055,13,東京都,北区,赤羽西
1150056,13,東京都,北区,西が丘
1160000,13,東京都,荒川区,
1160001,13,東京都,荒川区,町屋
1160002,13,東京都,荒川区,荒川
1160003,13,東京都,荒川区,南千住
1160011,13,東京都,荒川区,西尾久
1160012,13,東京都,荒川区,東尾久
1160013,13,東京都,荒川区,西日暮里
1160014,13,東京都,荒川区,東日暮里
1200000,13,東京都,足立区,
1200001,13,東京都,足立区,大谷田
1200002,13,東京都,足立区,中川
1200003,13,東京都,足立区,東和
1200004,13,東京都,足立区,東綾瀬
1200005,13,東京都,足立区,綾瀬
1200006,13,東京都,足立区,谷中
1200011,13,東京都,足立区,中央本町
1200012,13,東京都,足立区,青井
1200013,13,東京都,足立区,弘道
1200014,13,東京都,足立区,西綾瀬
1200015,13,東京都,足立区,足立
1200021,13,東京都,足立区,日ノ出町
1200022,13,東京都,足立区,柳原
1200023,13,東京都,足立区,千住曙町
1200024,13,東京都,足立区,千住関屋町
1200025,13,東京都,足立区,千住東
1200026,13,東京都,足立区,千住旭町
1200031,13,東京都,足立区,千住大川町
1200032,13,東京都,足立区,千住柳町
1200033,13,東京都,足立区,千住寿町
1200034,13,東京都,足立区,千住
1200035,13,東京都,足立区,千住中居町
1200036,13,東京都,足立区,千住仲町
1200037,13,東京都,足立区,千住河原町
1200038,13,東京都,足立区,千住橋戸町
1200041,13,東京都,足立区,千住元町
1200042,13,東京都,足立区,千住龍田町
1200043,13,東京都,足立区,千住宮元町
1200044,13,東京都,足立区,千住緑町
1200045,13,東京都,足立区,千住桜木
1200046,13,東京都,足立区,小台
1200047,13,東京都,足立区,宮城
1210011,13,東京都,足立区,中央本町
1210012,13,東京都,足立区,青井
1210051,13,東京都,足立区,神明
1210052,13,東京都,足立区,六木
1210053,13,東京都,足立区,佐野
1210054,13,東京都,足立区,辰沼
1210055,13,東京都,足立区,加平
1210056,13,東京都,足立区,北加平町
1210057,13,東京都,足立区,神明南
1210061,13,東京都,足立区,花畑
1210062,13,東京都,足立区,南花畑
1210063,13,東京都,足立区,東保木間
1210064,13,東京都,足立区,保木間
1210071,13,東京都,足立区,東六月町
1210072,13,東京都,足立区,保塚町
1210073,13,東京都,足立区,六町
1210074,13,東京都,足立区,西加平
1210075,13,東京都,足立区,一ツ家
1210076,13,東京都,足立区,平野
1210801,13,東京都,足立区,東伊興
1210807,13,東京都,足立区,伊興本町
1210812,13,東京都,足立区,西保木間
1210813,13,東京都,足立区,竹の塚
1210814,13,東京都,足立区,六月
1210815,13,東京都,足立区,島根
1210816,13,東京都,足立区,梅島
1210822,13,東京都,足立区,西竹の塚
1210823,13,東京都,足立区,伊興
1210824,13,東京都,足立区,西伊興
1210825,13,東京都,足立区,西伊興町
1210831,13,東京都,足立区,舎人
1210832,13,東京都,足立区,古千谷本町
1210833,13,東京都,足立区,古千谷
1210834,13,東京都,足立区,入谷町
1210835,13,東京都,足立区,舎人町
1210836,13,東京都,足立区,入谷
1210837,13,東京都,足立区,舎人公園
1230841,13,東京都,足立区,西新井
1230842,13,東京都,足立区,栗原
1230843,13,東京都,足立区,西新井栄町
1230844,13,東京都,足立区,興野
1230845,13,東京都,足立区,西新井本町
1230851,13,東京都,足立区,梅田
1230852,13,東京都,足立区,関原
1230853,13,東京都,足立区,本木
1230854,13,東京都,足立区,本木東町
1230855,13,東京都,足立区,本木南町
1230856,13,東京都,足立区,本木西町
1230857,13,東京都,足立区,本木北町
1230861,13,東京都,足立区,加賀
1230862,13,東京都,足立区,皿沼
1230863,13,東京都,足立区,谷在家
1230864,13,東京都,足立区,鹿浜
1230865,13,東京都,足立区,新田
1230871,13,東京都,足立区,椿
1230872,13,東京都,足立区,江北
1230873,13,東京都,足立区,扇
1230874,13,東京都,足立区,堀之内
1240000,13,東京都,葛飾区,
1240001,13,東京都,葛飾区,小菅
1240002,13,東京都,葛飾区,西亀有
1240003,13,東京都,葛飾区,お花茶屋
1240004,13,東京都,葛飾区,東堀切
1240005,13,東京都,葛飾区,宝町
1240006,13,東京都,葛飾区,堀切
1240011,13,東京都,葛飾区,四つ木
1240012,13,東京都,葛飾区,立石
1240013,13,東京都,葛飾区,東立石
1240014,13,東京都,葛飾区,東四つ木
1240021,13,東京都,葛飾区,細田
1240022,13,東京都,葛飾区,奥戸
1240023,13,東京都,葛飾区,東新小岩
1240024,13,東京都,葛飾区,新小岩
1240025,13,東京都,葛飾区,西新小岩
1250002,13,東京都,葛飾区,西亀有
1250031,13,東京都,葛飾区,西水元
1250032,13,東京都,葛飾区,水元
1250033,13,東京都,葛飾区,東水元
1250034,13,東京都,葛飾区,水元公園
1250035,13,東京都,葛飾区,南水元
1250041,13,東京都,葛飾区,東金町
1250042,13,東京都,葛飾区,金町
1250043,13,東京都,葛飾区,金町浄水場
1250051,13,東京都,葛飾区,新宿
1250052,13,東京都,葛飾区,柴又
1250053,13,東京都,葛飾区,鎌倉
1250054,13,東京都,葛飾区,高砂
1250061,13,東京都,葛飾区,亀有
1250062,13,東京都,葛飾区,青戸
1250063,13,東京都,葛飾区,白鳥
1300000,13,東京都,墨田区,
1300001,13,東京都,墨田区,吾妻橋
1300002,13,東京都,墨田区,業平
1300003,13,東京都,墨田区,横川
1300004,13,東京都,墨田区,本所
1300005,13,東京都,墨田区,東駒形
1300011,13,東京都,墨田区,石原
1300012,13,東京都,墨田区,太平
1300013,13,東京都,墨田区,錦糸
1300014,13,東京都,墨田区,亀沢
1300015,13,東京都,墨田区,横網
1300021,13,東京都,墨田区,緑
1300022,13,東京都,墨田区,江東橋
1300023,13,東京都,墨田区,立川
1300024,13,東京都,墨田区,菊川
1300025,13,東京都,墨田区,千歳
1300026,13,東京都,墨田区,両国
1310031,13,東京都,墨田区,墨田
1310032,13,東京都,墨田区,東向島
1310033,13,東京都,墨田区,向島
1310034,13,東京都,墨田区,堤通
1310041,13,東京都,墨田区,八広
1310042,13,東京都,墨田区,東墨田
1310043,13,東京都,墨田区,立花
1310044,13,東京都,墨田区,文花
1310045,13,東京都,墨田区,押上
1310046,13,東京都,墨田区,京島
1320000,13,東京都,江戸川区,
1320001,13,東京都,江戸川区,新堀
1320002,13,東京都,江戸川区,谷河内
1320003,13,東京都,江戸川区,春江町
1320011,13,東京都,江戸川区,瑞江
1320013,13,東京都,江戸川区,江戸川
1320014,13,東京都,江戸川区,東瑞江
1320015,13,東京都,江戸川区,西瑞江
1320021,13,東京都,江戸川区,中央
1320022,13,東京都,江戸川区,大杉
1320023,13,東京都,江戸川区,西一之江
1320024,13,東京都,江戸川区,一之江
1320025,13,東京都,江戸川区,松江
1320031,13,東京都,江戸川区,松島
1320032,13,東京都,江戸川区,西小松川町
1320033,13,東京都,江戸川区,東小松川
1320034,13,東京都,江戸川区,小松川
1320035,13,東京都,江戸川区,平井
1330002,13,東京都,江戸川区,谷河内
1330041,13,東京都,江戸川区,上一色
1330042,13,東京都,江戸川区,興宮町
1330043,13,東京都,江戸川区,松本
1330044,13,東京都,江戸川区,本一色
1330051,13,東京都,江戸川区,北小岩
1330052,13,東京都,江戸川区,東小岩
1330053,13,東京都,江戸川区,北篠崎
1330054,13,東京都,江戸川区,上篠崎
1330055,13,東京都,江戸川区,西篠崎
1330056,13,東京都,江戸川区,南小岩
1330057,13,東京都,江戸川区,西小岩
1330061,13,東京都,江戸川区,篠崎町
1330062,13,東京都,江戸川区,東篠崎町
1330063,13,東京都,江戸川区,東篠崎
1330064,13,東京都,江戸川区,下篠崎町
1330065,13,東京都,江戸川区,南篠崎町
1330071,13,東京都,江戸川区,東松本
1330072,13,東京都,江戸川区,鹿骨町
1330073,13,東京都,江戸川区,鹿骨
1340003,13,東京都,江戸川区,春江町
1340013,13,東京都,江戸川区,江戸川
1340015,13,東京都,江戸川区,西瑞江
1340081,13,東京都,江戸川区,北葛西
1340082,13,東京都,江戸川区,宇喜田町
1340083,13,東京都,江戸川区,中葛西
1340084,13,東京都,江戸川区,東葛西
1340085,13,東京都,江戸川区,南葛西
1340086,13,東京都,江戸川区,臨海町
1340087,13,東京都,江戸川区,清新町
1340088,13,東京都,江戸川区,西葛西
1340091,13,東京都,江戸川区,船堀
1340092,13,東京都,江戸川区,一之江町
1340093,13,東京都,江戸川区,二之江町
1350000,13,東京都,江東区,
1350001,13,東京都,江東区,毛利
1350002,13,東京都,江東区,住吉
1350003,13,東京都,江東区,猿江
1350004,13,東京都,江東区,森下
1350005,13,東京都,江東区,高橋
1350006,13,東京都,江東区,常盤
1350007,13,東京都,江東区,新大橋
1350011,13,東京都,江東区,扇橋
1350012,13,東京都,江東区,海辺
1350013,13,東京都,江東区,千田
1350014,13,東京都,江東区,石島
1350015,13,東京都,江東区,千石
1350016,13,東京都,江東区,東陽
1350021,13,東京都,江東区,白河
1350022,13,東京都,江東区,三好
1350023,13,東京都,江東区,平野
1350024,13,東京都,江東区,清澄
1350031,13,東京都,江東区,佐賀
1350032,13,東京都,江東区,福住
1350033,13,東京都,江東区,深川
1350034,13,東京都,江東区,永代
1350041,13,東京都,江東区,冬木
1350042,13,東京都,江東区,木場
1350043,13,東京都,江東区,塩浜
1350044,13,東京都,江東区,越中島
1350045,13,東京都,江東区,古石場
1350046,13,東京都,江東区,牡丹
1350047,13,東京都,江東区,富岡
1350048,13,東京都,江東区,門前仲町
1350051,13,東京都,江東区,枝川
1350052,13,東京都,江東区,潮見
1350053,13,東京都,江東区,辰巳
1350061,13,東京都,江東区,豊洲
1350062,13,東京都,江東区,東雲
1350063,13,東京都,江東区,有明
1350064,13,東京都,江東区,青海
1350065,13,東京都,江東区,中央防波堤
1350091,13,東京都,港区,台場
1350092,13,東京都,品川区,東八潮
1356001,13,東京都,江東区,豊洲豊洲センタービル
1356002,13,東京都,江東区,豊洲豊洲センタービル
1356003,13,東京都,江東区,豊洲豊洲センタービル
1356004,13,東京都,江東区,豊洲豊洲センタービル
1356005,13,東京都,江東区,豊洲豊洲センタービル
1356006,13,東京都,江東区,豊洲豊洲センタービル
1356007,13,東京都,江東区,豊洲豊洲センタービル
1356008,13,東京都,江東区,豊洲豊洲センタービル
1356009,13,東京都,江東区,豊洲豊洲センタービル
1356010,13,東京都,江東区,豊洲豊洲センタービル
1356011,13,東京都,江東区,豊洲豊洲センタービル
1356012,13,東京都,江東区,豊洲豊洲センタービル
1356013,13,東京都,江東区,豊洲豊洲センタービル
1356014,13,東京都,江東区,豊洲豊洲センタービル
1356015,13,東京都,江東区,豊洲豊洲センタービル
1356016,13,東京都,江東区,豊洲豊洲センタービル
1356017,13,東京都,江東区,豊洲豊洲センタービル
1356018,13,東京都,江東区,豊洲豊洲センタービル
1356019,13,東京都,江東区,豊洲豊洲センタービル
1356020,13,東京都,江東区,豊洲豊洲センタービル
1356021,13,東京都,江東区,豊洲豊洲センタービル
1356022,13,東京都,江東区,豊洲豊洲センタービル
1356023,13,東京都,江東区,豊洲豊洲センタービル
1356024,13,東京都,江東区,豊洲豊洲センタービル
1356025,13,東京都,江東区,豊洲豊洲センタービル
1356026,13,東京都,江東区,豊洲豊洲センタービル
1356027,13,東京都,江東区,豊洲豊洲センタービル
1356028,13,東京都,江東区,豊洲豊洲センタービル
1356029,13,東京都,江東区,豊洲豊洲センタービル
1356030,13,東京都,江東区,豊洲豊洲センタービル
1356031,13,東京都,江東区,豊洲豊洲センタービル
1356032,13,東京都,江東区,豊洲豊洲センタービル
1356033,13,東京都,江東区,豊洲豊洲センタービル
1356034,13,東京都,江東区,豊洲豊洲センタービル
1356035,13,東京都,江東区,豊洲豊洲センタービル
1356036,13,東京都,江東区,豊洲豊洲センタービル
1356037,13,東京都,江東区,豊洲豊洲センタービル
1356090,13,東京都,江東区,豊洲豊洲センタービル
1360071,13,東京都,江東区,亀戸
1360072,13,東京都,江東区,大島
1360073,13,東京都,江東区,北砂
1360074,13,東京都,江東区,東砂
1360075,13,東京都,江東区,新砂
1360076,13,東京都,江東区,南砂
1360081,13,東京都,江東区,夢の島
1360082,13,東京都,江東区,新木場
1360083,13,東京都,江東区,若洲
1400000,13,東京都,品川区,
1400001,13,東京都,品川区,北品川
1400002,13,東京都,品川区,東品川
1400003,13,東京都,品川区,八潮
1400004,13,東京都,品川区,南品川
1400005,13,東京都,品川区,広町
1400011,13,東京都,品川区,東大井
1400012,13,東京都,品川区,勝島
1400013,13,東京都,品川区,南大井
1400014,13,東京都,品川区,大井
1400015,13,東京都,品川区,西大井
1410001,13,東京都,品川区,北品川
1410021,13,東京都,品川区,上大崎
1410022,13,東京都,品川区,東五反田
1410031,13,東京都,品川区,西五反田
1410032,13,東京都,品川区,大崎
1410033,13,東京都,品川区,西品川
1416001,13,東京都,品川区,大崎ＴｈｉｎｋＰａｒｋＴｏｗｅｒ
1416002,13,東京都,品川区,大崎ＴｈｉｎｋＰａｒｋＴｏｗｅｒ
1416003,13,東京都,品川区,大崎ＴｈｉｎｋＰａｒｋＴｏｗｅｒ
1416004,13,東京都,品川区,大崎ＴｈｉｎｋＰａｒｋＴｏｗｅｒ
1416005,13,東京都,品川区,大崎ＴｈｉｎｋＰａｒｋＴｏｗｅｒ
1416006,13,東京都,品川区,大崎ＴｈｉｎｋＰａｒｋＴｏｗｅｒ
1416007,13,東京都,品川区,大崎ＴｈｉｎｋＰａｒｋＴｏｗｅｒ
1416008,13,東京都,品川区,大崎ＴｈｉｎｋＰａｒｋＴｏｗｅｒ
1416009,13,東京都,品川区,大崎ＴｈｉｎｋＰａｒｋＴｏｗｅｒ
1416010,13,東京都,品川区,大崎ＴｈｉｎｋＰａｒｋＴｏｗｅｒ
1416011,13,東京都,品川区,大崎ＴｈｉｎｋＰａｒｋＴｏｗｅｒ
1416012,13,東京都,品川区,大崎ＴｈｉｎｋＰａｒｋＴｏｗｅｒ
1416013,13,東京都,品川区,大崎ＴｈｉｎｋＰａｒｋＴｏｗｅｒ
1416014,13,東京都,品川区,大崎ＴｈｉｎｋＰａｒｋＴｏｗｅｒ
1416015,13,東京都,品川区,大崎ＴｈｉｎｋＰａｒｋＴｏｗｅｒ
1416016,13,東京都,品川区,大崎ＴｈｉｎｋＰａｒｋＴｏｗｅｒ
1416017,13,東京都,品川区,大崎ＴｈｉｎｋＰａｒｋＴｏｗｅｒ
1416018,13,東京都,品川区,大崎ＴｈｉｎｋＰａｒｋＴｏｗｅｒ
1416019,13,東京都,品川区,大崎ＴｈｉｎｋＰａｒｋＴｏｗｅｒ
1416020,13,東京都,品川区,大崎ＴｈｉｎｋＰａｒｋＴｏｗｅｒ
1416021,13,東京都,品川区,大崎ＴｈｉｎｋＰａｒｋＴｏｗｅｒ
1416022,13,東京都,品川区,大崎ＴｈｉｎｋＰａｒｋＴｏｗｅｒ
1416023,13,東京都,品川区,大崎ＴｈｉｎｋＰａｒｋＴｏｗｅｒ
1416024,13,東京都,品川区,大崎ＴｈｉｎｋＰａｒｋＴｏｗｅｒ
1416025,13,東京都,品川区,大崎ＴｈｉｎｋＰａｒｋＴｏｗｅｒ
1416026,13,東京都,品川区,大崎ＴｈｉｎｋＰａｒｋＴｏｗｅｒ
1416027,13,東京都,品川区,大崎ＴｈｉｎｋＰａｒｋＴｏｗｅｒ
1416028,13,東京都,品川区,大崎ＴｈｉｎｋＰａｒｋＴｏｗｅｒ
1416029,13,東京都,品川区,大崎ＴｈｉｎｋＰａｒｋＴｏｗｅｒ
1416030,13,東京都,品川区,大崎ＴｈｉｎｋＰａｒｋＴｏｗｅｒ
1416090,13,東京都,品川区,大崎ＴｈｉｎｋＰａｒｋＴｏｗｅｒ
1420041,13,東京都,品川区,戸越
1420042,13,東京都,品川区,豊町
1420043,13,東京都,品川区,二葉
1420051,13,東京都,品川区,平塚
1420052,13,東京都,品川区,東中延
1420053,13,東京都,品川区,中延
1420054,13,東京都,品川区,西中延
1420061,13,東京都,品川区,小山台
1420062,13,東京都,品川区,小山
1420063,13,東京都,品川区,荏原
1420064,13,東京都,品川区,旗の台
1430001,13,東京都,大田区,東海
1430002,13,東京都,大田区,城南島
1430003,13,東京都,大田区,京浜島
1430004,13,東京都,大田区,昭和島
1430005,13,東京都,大田区,平和の森公園
1430006,13,東京都,大田区,平和島
1430007,13,東京都,大田区,ふるさとの浜辺公園
1430011,13,東京都,大田区,大森本町
1430012,13,東京都,大田区,大森東
1430013,13,東京都,大田区,大森南
1430014,13,東京都,大田区,大森中
1430015,13,東京都,大田区,大森西
1430016,13,東京都,大田区,大森北
1430021,13,東京都,大田区,北馬込
1430022,13,東京都,大田区,東馬込
1430023,13,東京都,大田区,山王
1430024,13,東京都,大田区,中央
1430025,13,東京都,大田区,南馬込
1430026,13,東京都,大田区,西馬込
1430027,13,東京都,大田区,中馬込
1440000,13,東京都,大田区,
1440031,13,東京都,大田区,東蒲田
1440032,13,東京都,大田区,北糀谷
1440033,13,東京都,大田区,東糀谷
1440034,13,東京都,大田区,西糀谷
1440035,13,東京都,大田区,南蒲田
1440041,13,東京都,大田区,羽田空港
1440042,13,東京都,大田区,羽田旭町
1440043,13,東京都,大田区,羽田
1440044,13,東京都,大田区,本羽田
1440045,13,東京都,大田区,南六郷
1440046,13,東京都,大田区,東六郷
1440047,13,東京都,大田区,萩中
1440051,13,東京都,大田区,西蒲田
1440052,13,東京都,大田区,蒲田
1440053,13,東京都,大田区,蒲田本町
1440054,13,東京都,大田区,新蒲田
1440055,13,東京都,大田区,仲六郷
1440056,13,東京都,大田区,西六郷
1450061,13,東京都,大田区,石川町
1450062,13,東京都,大田区,北千束
1450063,13,東京都,大田区,南千束
1450064,13,東京都,大田区,上池台
1450065,13,東京都,大田区,東雪谷
1450066,13,東京都,大田区,南雪谷
1450067,13,東京都,大田区,雪谷大塚町
1450071,13,東京都,大田区,田園調布
1450072,13,東京都,大田区,田園調布本町
1450073,13,東京都,大田区,北嶺町
1450074,13,東京都,大田区,東嶺町
1450075,13,東京都,大田区,西嶺町
1450076,13,東京都,大田区,田園調布南
1460081,13,東京都,大田区,仲池上
1460082,13,東京都,大田区,池上
1460083,13,東京都,大田区,千鳥
1460084,13,東京都,大田区,南久が原
1460085,13,東京都,大田区,久が原
1460091,13,東京都,大田区,鵜の木
1460092,13,東京都,大田区,下丸子
1460093,13,東京都,大田区,矢口
1460094,13,東京都,大田区,東矢口
1460095,13,東京都,大田区,多摩川
1500000,13,東京都,渋谷区,
1500001,13,東京都,渋谷区,神宮前
1500002,13,東京都,渋谷区,渋谷
1500011,13,東京都,渋谷区,東
1500012,13,東京都,渋谷区,広尾
1500013,13,東京都,渋谷区,恵比寿
1500021,13,東京都,渋谷区,恵比寿西
1500022,13,東京都,渋谷区,恵比寿南
1500031,13,東京都,渋谷区,桜丘町
1500032,13,東京都,渋谷区,鶯谷町
1500033,13,東京都,渋谷区,猿楽町
1500034,13,東京都,渋谷区,代官山町
1500035,13,東京都,渋谷区,鉢山町
1500036,13,東京都,渋谷区,南平台町
1500041,13,東京都,渋谷区,神南
1500042,13,東京都,渋谷区,宇田川町
1500043,13,東京都,渋谷区,道玄坂
1500044,13,東京都,渋谷区,円山町
1500045,13,東京都,渋谷区,神泉町
1500046,13,東京都,渋谷区,松濤
1500047,13,東京都,渋谷区,神山町
1506001,13,東京都,渋谷区,恵比寿恵比寿ガーデンプレイス
1506002,13,東京都,渋谷区,恵比寿恵比寿ガーデンプレイス
1506003,13,東京都,渋谷区,恵比寿恵比寿ガーデンプレイス
1506004,13,東京都,渋谷区,恵比寿恵比寿ガーデンプレイス
1506005,13,東京都,渋谷区,恵比寿恵比寿ガーデンプレイス
1506006,13,東京都,渋谷区,恵比寿恵比寿ガーデンプレイス
1506007,13,東京都,渋谷区,恵比寿恵比寿ガーデンプレイス
1506008,13,東京都,渋谷区,恵比寿恵比寿ガーデンプレイス
1506009,13,東京都,渋谷区,恵比寿恵比寿ガーデンプレイス
1506010,13,東京都,渋谷区,恵比寿恵比寿ガーデンプレイス
1506011,13,東京都,渋谷区,恵比寿恵比寿ガーデンプレイス
1506012,13,東京都,渋谷区,恵比寿恵比寿ガーデンプレイス
1506013,13,東京都,渋谷区,恵比寿恵比寿ガーデンプレイス
1506014,13,東京都,渋谷区,恵比寿恵比寿ガーデンプレイス
1506015,13,東京都,渋谷区,恵比寿恵比寿ガーデンプレイス
1506016,13,東京都,渋谷区,恵比寿恵比寿ガーデンプレイス
1506017,13,東京都,渋谷区,恵比寿恵比寿ガーデンプレイス
1506018,13,東京都,渋谷区,恵比寿恵比寿ガーデンプレイス
1506019,13,東京都,渋谷区,恵比寿恵比寿ガーデンプレイス
1506020,13,東京都,渋谷区,恵比寿恵比寿ガーデンプレイス
1506021,13,東京都,渋谷区,恵比寿恵比寿ガーデンプレイス
1506022,13,東京都,渋谷区,恵比寿恵比寿ガーデンプレイス
1506023,13,東京都,渋谷区,恵比寿恵比寿ガーデンプレイス
1506024,13,東京都,渋谷区,恵比寿恵比寿ガーデンプレイス
1506025,13,東京都,渋谷区,恵比寿恵比寿ガーデンプレイス
1506026,13,東京都,渋谷区,恵比寿恵比寿ガーデンプレイス
1506027,13,東京都,渋谷区,恵比寿恵比寿ガーデンプレイス
1506028,13,東京都,渋谷区,恵比寿恵比寿ガーデンプレイス
1506029,13,東京都,渋谷区,恵比寿恵比寿ガーデンプレイス
1506030,13,東京都,渋谷区,恵比寿恵比寿ガーデンプレイス
1506031,13,東京都,渋谷区,恵比寿恵比寿ガーデンプレイス
1506032,13,東京都,渋谷区,恵比寿恵比寿ガーデンプレイス
1506033,13,東京都,渋谷区,恵比寿恵比寿ガーデンプレイス
1506034,13,東京都,渋谷区,恵比寿恵比寿ガーデンプレイス
1506035,13,東京都,渋谷区,恵比寿恵比寿ガーデンプレイス
1506036,13,東京都,渋谷区,恵比寿恵比寿ガーデンプレイス
1506037,13,東京都,渋谷区,恵比寿恵比寿ガーデンプレイス
1506038,13,東京都,渋谷区,恵比寿恵比寿ガーデンプレイス
1506039,13,東京都,渋谷区,恵比寿恵比寿ガーデンプレイス
1506090,13,東京都,渋谷区,恵比寿恵比寿ガーデンプレイス
1510051,13,東京都,渋谷区,千駄ヶ谷
1510052,13,東京都,渋谷区,代々木神園町
1510053,13,東京都,渋谷区,代々木
1510061,13,東京都,渋谷区,初台
1510062,13,東京都,渋谷区,元代々木町
1510063,13,東京都,渋谷区,富ヶ谷
1510064,13,東京都,渋谷区,上原
1510065,13,東京都,渋谷区,大山町
1510066,13,東京都,渋谷区,西原
1510071,13,東京都,渋谷区,本町
1510072,13,東京都,渋谷区,幡ヶ谷
1510073,13,東京都,渋谷区,笹塚
1520000,13,東京都,目黒区,
1520001,13,東京都,目黒区,中央町
1520002,13,東京都,目黒区,目黒本町
1520003,13,東京都,目黒区,碑文谷
1520004,13,東京都,目黒区,鷹番
1520011,13,東京都,目黒区,原町
1520012,13,東京都,目黒区,洗足
1520013,13,東京都,目黒区,南
1520021,13,東京都,目黒区,東が丘
1520022,13,東京都,目黒区,柿の木坂
1520023,13,東京都,目黒区,八雲
1520031,13,東京都,目黒区,中根
1520032,13,東京都,目黒区,平町
1520033,13,東京都,目黒区,大岡山
1520034,13,東京都,目黒区,緑が丘
1520035,13,東京都,目黒区,自由が丘
1530041,13,東京都,目黒区,駒場
1530042,13,東京都,目黒区,青葉台
1530043,13,東京都,目黒区,東山
1530044,13,東京都,目黒区,大橋
1530051,13,東京都,目黒区,上目黒
1530052,13,東京都,目黒区,祐天寺
1530053,13,東京都,目黒区,五本木
1530061,13,東京都,目黒区,中目黒
1530062,13,東京都,目黒区,三田
1530063,13,東京都,目黒区,目黒
1530064,13,東京都,目黒区,下目黒
1530065,13,東京都,目黒区,中町
1540000,13,東京都,世田谷区,
1540001,13,東京都,世田谷区,池尻
1540002,13,東京都,世田谷区,下馬
1540003,13,東京都,世田谷区,野沢
1540004,13,東京都,世田谷区,太子堂
1540005,13,東京都,世田谷区,三宿
1540011,13,東京都,世田谷区,上馬
1540012,13,東京都,世田谷区,駒沢
1540013,13,東京都,世田谷区,駒沢公園
1540014,13,東京都,世田谷区,新町
1540015,13,東京都,世田谷区,桜新町
1540016,13,東京都,世田谷区,弦巻
1540017,13,東京都,世田谷区,世田谷
1540021,13,東京都,世田谷区,豪徳寺
1540022,13,東京都,世田谷区,梅丘
1540023,13,東京都,世田谷区,若林
1540024,13,東京都,世田谷区,三軒茶屋
1550031,13,東京都,世田谷区,北沢
1550032,13,東京都,世田谷区,代沢
1550033,13,東京都,世田谷区,代田
1560041,13,東京都,世田谷区,大原
1560042,13,東京都,世田谷区,羽根木
1560043,13,東京都,世田谷区,松原
1560044,13,東京都,世田谷区,赤堤
1560045,13,東京都,世田谷区,桜上水
1560051,13,東京都,世田谷区,宮坂
1560052,13,東京都,世田谷区,経堂
1560053,13,東京都,世田谷区,桜
1560054,13,東京都,世田谷区,桜丘
1560055,13,東京都,世田谷区,船橋
1560056,13,東京都,世田谷区,八幡山
1560057,13,東京都,世田谷区,上北沢
1570061,13,東京都,世田谷区,北烏山
1570062,13,東京都,世田谷区,南烏山
1570063,13,東京都,世田谷区,粕谷
1570064,13,東京都,世田谷区,給田
1570065,13,東京都,世田谷区,上祖師谷
1570066,13,東京都,世田谷区,成城
1570067,13,東京都,世田谷区,喜多見
1570068,13,東京都,世田谷区,宇奈根
1570071,13,東京都,世田谷区,千歳台
1570072,13,東京都,世田谷区,祖師谷
1570073,13,東京都,世田谷区,砧
1570074,13,東京都,世田谷区,大蔵
1570075,13,東京都,世田谷区,砧公園
1570076,13,東京都,世田谷区,岡本
1570077,13,東京都,世田谷区,鎌田
1580081,13,東京都,世田谷区,深沢
1580082,13,東京都,世田谷区,等々力
1580083,13,東京都,世田谷区,奥沢
1580084,13,東京都,世田谷区,東玉川
1580085,13,東京都,世田谷区,玉川田園調布
1580086,13,東京都,世田谷区,尾山台
1580087,13,東京都,世田谷区,玉堤
1580091,13,東京都,世田谷区,中町
1580092,13,東京都,世田谷区,野毛
1580093,13,東京都,世田谷区,上野毛
1580094,13,東京都,世田谷区,玉川
1580095,13,東京都,世田谷区,瀬田
1580096,13,東京都,世田谷区,玉川台
1580097,13,東京都,世田谷区,用賀
1580098,13,東京都,世田谷区,上用賀
1600000,13,東京都,新宿区,
1600001,13,東京都,新宿区,片町
1600002,13,東京都,新宿区,四谷坂町
1600003,13,東京都,新宿区,四谷本塩町
1600004,13,東京都,新宿区,四谷
1600005,13,東京都,新宿区,愛住町
1600006,13,東京都,新宿区,舟町
1600007,13,東京都,新宿区,荒木町
1600008,13,東京都,新宿区,三栄町
1600011,13,東京都,新宿区,若葉
1600012,13,東京都,新宿区,南元町
1600013,13,東京都,新宿区,霞ケ丘町
1600014,13,東京都,新宿区,内藤町
1600015,13,東京都,新宿区,大京町
1600016,13,東京都,新宿区,信濃町
1600017,13,東京都,新宿区,左門町
1600018,13,東京都,新宿区,須賀町
1600021,13,東京都,新宿区,歌舞伎町
1600022,13,東京都,新宿区,新宿
1600023,13,東京都,新宿区,西新宿
1606101,13,東京都,新宿区,西新宿住友不動産新宿グランドタワー
1606102,13,東京都,新宿区,西新宿住友不動産新宿グランドタワー
1606103,13,東京都,新宿区,西新宿住友不動産新宿グランドタワー
1606104,13,東京都,新宿区,西新宿住友不動産新宿グランドタワー
1606105,13,東京都,新宿区,西新宿住友不動産新宿グランドタワー
1606106,13,東京都,新宿区,西新宿住友不動産新宿グランドタワー
1606107,13,東京都,新宿区,西新宿住友不動産新宿グランドタワー
1606108,13,東京都,新宿区,西新宿住友不動産新宿グランドタワー
1606109,13,東京都,新宿区,西新宿住友不動産新宿グランドタワー
1606110,13,東京都,新宿区,西新宿住友不動産新宿グランドタワー
1606111,13,東京都,新宿区,西新宿住友不動産新宿グランドタワー
1606112,13,東京都,新宿区,西新宿住友不動産新宿グランドタワー
1606113,13,東京都,新宿区,西新宿住友不動産新宿グランドタワー
1606114,13,東京都,新宿区,西新宿住友不動産新宿グランドタワー
1606115,13,東京都,新宿区,西新宿住友不動産新宿グランドタワー
1606116,13,東京都,新宿区,西新宿住友不動産新宿グランドタワー
1606117,13,東京都,新宿区,西新宿住友不動産新宿グランドタワー
1606118,13,東京都,新宿区,西新宿住友不動産新宿グランドタワー
1606119,13,東京都,新宿区,西新宿住友不動産新宿グランドタワー
1606120,13,東京都,新宿区,西新宿住友不動産新宿グランドタワー
1606121,13,東京都,新宿区,西新宿住友不動産新宿グランドタワー
1606122,13,東京都,新宿区,西新宿住友不動産新宿グランドタワー
1606123,13,東京都,新宿区,西新宿住友不動産新宿グランドタワー
1606124,13,東京都,新宿区,西新宿住友不動産新宿グランドタワー
1606125,13,東京都,新宿区,西新宿住友不動産新宿グランドタワー
1606126,13,東京都,新宿区,西新宿住友不動産新宿グランドタワー
1606127,13,東京都,新宿区,西新宿住友不動産新宿グランドタワー
1606128,13,東京都,新宿区,西新宿住友不動産新宿グランドタワー
1606129,13,東京都,新宿区,西新宿住友不動産新宿グランドタワー
1606130,13,東京都,新宿区,西新宿住友不動産新宿グランドタワー
1606131,13,東京都,新宿区,西新宿住友不動産新宿グランドタワー
1606132,13,東京都,新宿区,西新宿住友不動産新宿グランドタワー
1606133,13,東京都,新宿区,西新宿住友不動産新宿グランドタワー
1606134,13,東京都,新宿区,西新宿住友不動産新宿グランドタワー
1606135,13,東京都,新宿区,西新宿住友不動産新宿グランドタワー
1606136,13,東京都,新宿区,西新宿住友不動産新宿グランドタワー
1606137,13,東京都,新宿区,西新宿住友不動産新宿グランドタワー
1606138,13,東京都,新宿区,西新宿住友不動産新宿グランドタワー
1606139,13,東京都,新宿区,西新宿住友不動産新宿グランドタワー
1606190,13,東京都,新宿区,西新宿住友不動産新宿グランドタワー
1610031,13,東京都,新宿区,西落合
1610032,13,東京都,新宿区,中落合
1610033,13,東京都,新宿区,下落合
1610034,13,東京都,新宿区,上落合
1610035,13,東京都,新宿区,中井
1620041,13,東京都,新宿区,早稲田鶴巻町
1620042,13,東京都,新宿区,早稲田町
1620043,13,東京都,新宿区,早稲田南町
1620044,13,東京都,新宿区,喜久井町
1620045,13,東京都,新宿区,馬場下町
1620051,13,東京都,新宿区,西早稲田
1620052,13,東京都,新宿区,戸山
1620053,13,東京都,新宿区,原町
1620054,13,東京都,新宿区,河田町
1620055,13,東京都,新宿区,余丁町
1620056,13,東京都,新宿区,若松町
1620061,13,東京都,新宿区,市谷柳町
1620062,13,東京都,新宿区,市谷加賀町
1620063,13,東京都,新宿区,市谷薬王寺町
1620064,13,東京都,新宿区,市谷仲之町
1620065,13,東京都,新宿区,住吉町
1620066,13,東京都,新宿区,市谷台町
1620067,13,東京都,新宿区,富久町
1620801,13,東京都,新宿区,山吹町
1620802,13,東京都,新宿区,改代町
1620803,13,東京都,新宿区,赤城下町
1620804,13,東京都,新宿区,中里町
1620805,13,東京都,新宿区,矢来町
1620806,13,東京都,新宿区,榎町
1620807,13,東京都,新宿区,東榎町
1620808,13,東京都,新宿区,天神町
1620811,13,東京都,新宿区,水道町
1620812,13,東京都,新宿区,西五軒町
1620813,13,東京都,新宿区,東五軒町
1620814,13,東京都,新宿区,新小川町
1620815,13,東京都,新宿区,筑土八幡町
1620816,13,東京都,新宿区,白銀町
1620817,13,東京都,新宿区,赤城元町
1620818,13,東京都,新宿区,築地町
1620821,13,東京都,新宿区,津久戸町
1620822,13,東京都,新宿区,下宮比町
1620823,13,東京都,新宿区,神楽河岸
1620824,13,東京都,新宿区,揚場町
1620825,13,東京都,新宿区,神楽坂
1620826,13,東京都,新宿区,市谷船河原町
1620827,13,東京都,新宿区,若宮町
1620828,13,東京都,新宿区,袋町
1620831,13,東京都,新宿区,横寺町
1620832,13,東京都,新宿区,岩戸町
1620833,13,東京都,新宿区,箪笥町
1620834,13,東京都,新宿区,北町
1620835,13,東京都,新宿区,中町
1620836,13,東京都,新宿区,南町
1620837,13,東京都,新宿区,納戸町
1620838,13,東京都,新宿区,細工町
1620841,13,東京都,新宿区,払方町
1620842,13,東京都,新宿区,市谷砂土原町
1620843,13,東京都,新宿区,市谷田町
1620844,13,東京都,新宿区,市谷八幡町
1620845,13,東京都,新宿区,市谷本村町
1620846,13,東京都,新宿区,市谷左内町
1620847,13,東京都,新宿区,市谷長延寺町
1620848,13,東京都,新宿区,市谷鷹匠町
1620851,13,東京都,新宿区,弁天町
1620852,13,東京都,新宿区,南榎町
1620853,13,東京都,新宿区,北山伏町
1620854,13,東京都,新宿区,南山伏町
1620855,13,東京都,新宿区,二十騎町
1620856,13,東京都,新宿区,市谷甲良町
1620857,13,東京都,新宿区,市谷山伏町
1630201,13,東京都,新宿区,西新宿新宿住友ビル
1630202,13,東京都,新宿区,西新宿新宿住友ビル
1630203,13,東京都,新宿区,西新宿新宿住友ビル
1630204,13,東京都,新宿区,西新宿新宿住友ビル
1630205,13,東京都,新宿区,西新宿新宿住友ビル
1630206,13,東京都,新宿区,西新宿新宿住友ビル
1630207,13,東京都,新宿区,西新宿新宿住友ビル
1630208,13,東京都,新宿区,西新宿新宿住友ビル
1630209,13,東京都,新宿区,西新宿新宿住友ビル
1630210,13,東京都,新宿区,西新宿新宿住友ビル
1630211,13,東京都,新宿区,西新宿新宿住友ビル
1630212,13,東京都,新宿区,西新宿新宿住友ビル
1630213,13,東京都,新宿区,西新宿新宿住友ビル
1630214,13,東京都,新宿区,西新宿新宿住友ビル
1630215,13,東京都,新宿区,西新宿新宿住友ビル
1630216,13,東京都,新宿区,西新宿新宿住友ビル
1630217,13,東京都,新宿区,西新宿新宿住友ビル
1630218,13,東京都,新宿区,西新宿新宿住友ビル
1630219,13,東京都,新宿区,西新宿新宿住友ビル
1630220,13,東京都,新宿区,西新宿新宿住友ビル
1630221,13,東京都,新宿区,西新宿新宿住友ビル
1630222,13,東京都,新宿区,西新宿新宿住友ビル
1630223,13,東京都,新宿区,西新宿新宿住友ビル
1630224,13,東京都,新宿区,西新宿新宿住友ビル
1630225,13,東京都,新宿区,西新宿新宿住友ビル
1630226,13,東京都,新宿区,西新宿新宿住友ビル
1630227,13,東京都,新宿区,西新宿新宿住友ビル
1630228,13,東京都,新宿区,西新宿新宿住友ビル
1630229,13,東京都,新宿区,西新宿新宿住友ビル
1630230,13,東京都,新宿区,西新宿新宿住友ビル
1630231,13,東京都,新宿区,西新宿新宿住友ビル
1630232,13,東京都,新宿区,西新宿新宿住友ビル
1630233,13,東京都,新宿区,西新宿新宿住友ビル
1630234,13,東京都,新宿区,西新宿新宿住友ビル
1630235,13,東京都,新宿区,西新宿新宿住友ビル
1630236,13,東京都,新宿区,西新宿新宿住友ビル
1630237,13,東京都,新宿区,西新宿新宿住友ビル
1630238,13,東京都,新宿区,西新宿新宿住友ビル
1630239,13,東京都,新宿区,西新宿新宿住友ビル
1630240,13,東京都,新宿区,西新宿新宿住友ビル
1630241,13,東京都,新宿区,西新宿新宿住友ビル
1630242,13,東京都,新宿区,西新宿新宿住友ビル
1630243,13,東京都,新宿区,西新宿新宿住友ビル
1630244,13,東京都,新宿区,西新宿新宿住友ビル
1630245,13,東京都,新宿区,西新宿新宿住友ビル
1630246,13,東京都,新宿区,西新宿新宿住友ビル
1630247,13,東京都,新宿区,西新宿新宿住友ビル
1630248,13,東京都,新宿区,西新宿新宿住友ビル
1630249,13,東京都,新宿区,西新宿新宿住友ビル
1630250,13,東京都,新宿区,西新宿新宿住友ビル
1630251,13,東京都,新宿区,西新宿新宿住友ビル
1630252,13,東京都,新宿区,西新宿新宿住友ビル
1630290,13,東京都,新宿区,西新宿新宿住友ビル
1630401,13,東京都,新宿区,西新宿新宿三井ビル
1630402,13,東京都,新宿区,西新宿新宿三井ビル
1630403,13,東京都,新宿区,西新宿新宿三井ビル
1630404,13,東京都,新宿区,西新宿新宿三井ビル
1630405,13,東京都,新宿区,西新宿新宿三井ビル
1630406,13,東京都,新宿区,西新宿新宿三井ビル
1630407,13,東京都,新宿区,西新宿新宿三井ビル
1630408,13,東京都,新宿区,西新宿新宿三井ビル
1630409,13,東京都,新宿区,西新宿新宿三井ビル
1630410,13,東京都,新宿区,西新宿新宿三井ビル
1630411,13,東京都,新宿区,西新宿新宿三井ビル
1630412,13,東京都,新宿区,西新宿新宿三井ビル
1630413,13,東京都,新宿区,西新宿新宿三井ビル
1630414,13,東京都,新宿区,西新宿新宿三井ビル
1630415,13,東京都,新宿区,西新宿新宿三井ビル
1630416,13,東京都,新宿区,西新宿新宿三井ビル
1630417,13,東京都,新宿区,西新宿新宿三井ビル
1630418,13,東京都,新宿区,西新宿新宿三井ビル
1630419,13,東京都,新宿区,西新宿新宿三井ビル
1630420,13,東京都,新宿区,西新宿新宿三井ビル
1630421,13,東京都,新宿区,西新宿新宿三井ビル
1630422,13,東京都,新宿区,西新宿新宿三井ビル
1630423,13,東京都,新宿区,西新宿新宿三井ビル
1630424,13,東京都,新宿区,西新宿新宿三井ビル
1630425,13,東京都,新宿区,西新宿新宿三井ビル
1630426,13,東京都,新宿区,西新宿新宿三井ビル
1630427,13,東京都,新宿区,西新宿新宿三井ビル
1630428,13,東京都,新宿区,西新宿新宿三井ビル
1630429,13,東京都,新宿区,西新宿新宿三井ビル
1630430,13,東京都,新宿区,西新宿新宿三井ビル
1630431,13,東京都,新宿区,西新宿新宿三井ビル
1630432,13,東京都,新宿区,西新宿新宿三井ビル
1630433,13,東京都,新宿区,西新宿新宿三井ビル
1630434,13,東京都,新宿区,西新宿新宿三井ビル
1630435,13,東京都,新宿区,西新宿新宿三井ビル
1630436,13,東京都,新宿区,西新宿新宿三井ビル
1630437,13,東京都,新宿区,西新宿新宿三井ビル
1630438,13,東京都,新宿区,西新宿新宿三井ビル
1630439,13,東京都,新宿区,西新宿新宿三井ビル
1630440,13,東京都,新宿区,西新宿新宿三井ビル
1630441,13,東京都,新宿区,西新宿新宿三井ビル
1630442,13,東京都,新宿区,西新宿新宿三井ビル
1630443,13,東京都,新宿区,西新宿新宿三井ビル
1630444,13,東京都,新宿区,西新宿新宿三井ビル
1630445,13,東京都,新宿区,西新宿新宿三井ビル
1630446,13,東京都,新宿区,西新宿新宿三井ビル
1630447,13,東京都,新宿区,西新宿新宿三井ビル
1630448,13,東京都,新宿区,西新宿新宿三井ビル
1630449,13,東京都,新宿区,西新宿新宿三井ビル
1630450,13,東京都,新宿区,西新宿新宿三井ビル
1630451,13,東京都,新宿区,西新宿新宿三井ビル
1630452,13,東京都,新宿区,西新宿新宿三井ビル
1630453,13,東京都,新宿区,西新宿新宿三井ビル
1630454,13,東京都,新宿区,西新宿新宿三井ビル
1630455,13,東京都,新宿区,西新宿新宿三井ビル
1630490,13,東京都,新宿区,西新宿新宿三井ビル
1630501,13,東京都,新宿区,西新宿新宿野村ビル
1630502,13,東京都,新宿区,西新宿新宿野村ビル
1630503,13,東京都,新宿区,西新宿新宿野村ビル
1630504,13,東京都,新宿区,西新宿新宿野村ビル
1630505,13,東京都,新宿区,西新宿新宿野村ビル
1630506,13,東京都,新宿区,西新宿新宿野村ビル
1630507,13,東京都,新宿区,西新宿新宿野村ビル
1630508,13,東京都,新宿区,西新宿新宿野村ビル
1630509,13,東京都,新宿区,西新宿新宿野村ビル
1630510,13,東京都,新宿区,西新宿新宿野村ビル
1630511,13,東京都,新宿区,西新宿新宿野村ビル
1630512,13,東京都,新宿区,西新宿新宿野村ビル
1630513,13,東京都,新宿区,西新宿新宿野村ビル
1630514,13,東京都,新宿区,西新宿新宿野村ビル
1630515,13,東京都,新宿区,西新宿新宿野村ビル
1630516,13,東京都,新宿区,西新宿新宿野村ビル
1630517,13,東京都,新宿区,西新宿新宿野村ビル
1630518,13,東京都,新宿区,西新宿新宿野村ビル
1630519,13,東京都,新宿区,西新宿新宿野村ビル
1630520,13,東京都,新宿区,西新宿新宿野村ビル
1630521,13,東京都,新宿区,西新宿新宿野村ビル
1630522,13,東京都,新宿区,西新宿新宿野村ビル
1630523,13,東京都,新宿区,西新宿新宿野村ビル
1630524,13,東京都,新宿区,西新宿新宿野村ビル
1630525,13,東京都,新宿区,西新宿新宿野村ビル
1630526,13,東京都,新宿区,西新宿新宿野村ビル
1630527,13,東京都,新宿区,西新宿新宿野村ビル
1630528,13,東京都,新宿区,西新宿新宿野村ビル
1630529,13,東京都,新宿区,西新宿新宿野村ビル
1630530,13,東京都,新宿区,西新宿新宿野村ビル
1630531,13,東京都,新宿区,西新宿新宿野村ビル
1630532,13,東京都,新宿区,西新宿新宿野村ビル
1630533,13,東京都,新宿区,西新宿新宿野村ビル
1630534,13,東京都,新宿区,西新宿新宿野村ビル
1630535,13,東京都,新宿区,西新宿新宿野村ビル
1630536,13,東京都,新宿区,西新宿新宿野村ビル
1630537,13,東京都,新宿区,西新宿新宿野村ビル
1630538,13,東京都,新宿区,西新宿新宿野村ビル
1630539,13,東京都,新宿区,西新宿新宿野村ビル
1630540,13,東京都,新宿区,西新宿新宿野村ビル
1630541,13,東京都,新宿区,西新宿新宿野村ビル
1630542,13,東京都,新宿区,西新宿新宿野村ビル
1630543,13,東京都,新宿区,西新宿新宿野村ビル
1630544,13,東京都,新宿区,西新宿新宿野村ビル
1630545,13,東京都,新宿区,西新宿新宿野村ビル
1630546,13,東京都,新宿区,西新宿新宿野村ビル
1630547,13,東京都,新宿区,西新宿新宿野村ビル
1630548,13,東京都,新宿区,西新宿新宿野村ビル
1630549,13,東京都,新宿区,西新宿新宿野村ビル
1630550,13,東京都,新宿区,西新宿新宿野村ビル
1630590,13,東京都,新宿区,西新宿新宿野村ビル
1630601,13,東京都,新宿区,西新宿新宿センタービル
1630602,13,東京都,新宿区,西新宿新宿センタービル
1630603,13,東京都,新宿区,西新宿新宿センタービル
1630604,13,東京都,新宿区,西新宿新宿センタービル
1630605,13,東京都,新宿区,西新宿新宿センタービル
1630606,13,東京都,新宿区,西新宿新宿センタービル
1630607,13,東京都,新宿区,西新宿新宿センタービル
1630608,13,東京都,新宿区,西新宿新宿センタービル
1630609,13,東京都,新宿区,西新宿新宿センタービル
1630610,13,東京都,新宿区,西新宿新宿センタービル
1630611,13,東京都,新宿区,西新宿新宿センタービル
1630612,13,東京都,新宿区,西新宿新宿センタービル
1630613,13,東京都,新宿区,西新宿新宿センタービル
1630614,13,東京都,新宿区,西新宿新宿センタービル
1630615,13,東京都,新宿区,西新宿新宿センタービル
1630616,13,東京都,新宿区,西新宿新宿センタービル
1630617,13,東京都,新宿区,西新宿新宿センタービル
1630618,13,東京都,新宿区,西新宿新宿センタービル
1630619,13,東京都,新宿区,西新宿新宿センタービル
1630620,13,東京都,新宿区,西新宿新宿センタービル
1630621,13,東京都,新宿区,西新宿新宿センタービル
1630622,13,東京都,新宿区,西新宿新宿センタービル
1630623,13,東京都,新宿区,西新宿新宿センタービル
1630624,13,東京都,新宿区,西新宿新宿センタービル
1630625,13,東京都,新宿区,西新宿新宿センタービル
1630626,13,東京都,新宿区,西新宿新宿センタービル
1630627,13,東京都,新宿区,西新宿新宿センタービル
1630628,13,東京都,新宿区,西新宿新宿センタービル
1630629,13,東京都,新宿区,西新宿新宿センタービル
1630630,13,東京都,新宿区,西新宿新宿センタービル
1630631,13,東京都,新宿区,西新宿新宿センタービル
1630632,13,東京都,新宿区,西新宿新宿センタービル
1630633,13,東京都,新宿区,西新宿新宿センタービル
1630634,13,東京都,新宿区,西新宿新宿センタービル
1630635,13,東京都,新宿区,西新宿新宿センタービル
1630636,13,東京都,新宿区,西新宿新宿センタービル
1630637,13,東京都,新宿区,西新宿新宿センタービル
1630638,13,東京都,新宿区,西新宿新宿センタービル
1630639,13,東京都,新宿区,西新宿新宿センタービル
1630640,13,東京都,新宿区,西新宿新宿センタービル
1630641,13,東京都,新宿区,西新宿新宿センタービル
1630642,13,東京都,新宿区,西新宿新宿センタービル
1630643,13,東京都,新宿区,西新宿新宿センタービル
1630644,13,東京都,新宿区,西新宿新宿センタービル
1630645,13,東京都,新宿区,西新宿新宿センタービル
1630646,13,東京都,新宿区,西新宿新宿センタービル
1630647,13,東京都,新宿区,西新宿新宿センタービル
1630648,13,東京都,新宿区,西新宿新宿センタービル
1630649,13,東京都,新宿区,西新宿新宿センタービル
1630650,13,東京都,新宿区,西新宿新宿センタービル
1630651,13,東京都,新宿区,西新宿新宿センタービル
1630652,13,東京都,新宿区,西新宿新宿センタービル
1630653,13,東京都,新宿区,西新宿新宿センタービル
1630654,13,東京都,新宿区,西新宿新宿センタービル
1630690,13,東京都,新宿区,西新宿新宿センタービル
1630701,13,東京都,新宿区,西新宿小田急第一生命ビル
1630702,13,東京都,新宿区,西新宿小田急第一生命ビル
1630703,13,東京都,新宿区,西新宿小田急第一生命ビル
1630704,13,東京都,新宿区,西新宿小田急第一生命ビル
1630705,13,東京都,新宿区,西新宿小田急第一生命ビル
1630706,13,東京都,新宿区,西新宿小田急第一生命ビル
1630707,13,東京都,新宿区,西新宿小田急第一生命ビル
1630708,13,東京都,新宿区,西新宿小田急第一生命ビル
1630709,13,東京都,新宿区,西新宿小田急第一生命ビル
1630710,13,東京都,新宿区,西新宿小田急第一生命ビル
1630711,13,東京都,新宿区,西新宿小田急第一生命ビル
1630712,13,東京都,新宿区,西新宿小田急第一生命ビル
1630713,13,東京都,新宿区,西新宿小田急第一生命ビル
1630714,13,東京都,新宿区,西新宿小田急第一生命ビル
1630715,13,東京都,新宿区,西新宿小田急第一生命ビル
1630716,13,東京都,新宿区,西新宿小田急第一生命ビル
1630717,13,東京都,新宿区,西新宿小田急第一生命ビル
1630718,13,東京都,新宿区,西新宿小田急第一生命ビル
1630719,13,東京都,新宿区,西新宿小田急第一生命ビル
1630720,13,東京都,新宿区,西新宿小田急第一生命ビル
1630721,13,東京都,新宿区,西新宿小田急第一生命ビル
1630722,13,東京都,新宿区,西新宿小田急第一生命ビル
1630723,13,東京都,新宿区,西新宿小田急第一生命ビル
1630724,13,東京都,新宿区,西新宿小田急第一生命ビル
1630725,13,東京都,新宿区,西新宿小田急第一生命ビル
1630726,13,東京都,新宿区,西新宿小田急第一生命ビル
1630790,13,東京都,新宿区,西新宿小田急第一生命ビル
1630801,13,東京都,新宿区,西新宿新宿ＮＳビル
1630802,13,東京都,新宿区,西新宿新宿ＮＳビル
1630803,13,東京都,新宿区,西新宿新宿ＮＳビル
1630804,13,東京都,新宿区,西新宿新宿ＮＳビル
1630805,13,東京都,新宿区,西新宿新宿ＮＳビル
1630806,13,東京都,新宿区,西新宿新宿ＮＳビル
1630807,13,東京都,新宿区,西新宿新宿ＮＳビル
1630808,13,東京都,新宿区,西新宿新宿ＮＳビル
1630809,13,東京都,新宿区,西新宿新宿ＮＳビル
1630810,13,東京都,新宿区,西新宿新宿ＮＳビル
1630811,13,東京都,新宿区,西新宿新宿ＮＳビル
1630812,13,東京都,新宿区,西新宿新宿ＮＳビル
1630813,13,東京都,新宿区,西新宿新宿ＮＳビル
1630814,13,東京都,新宿区,西新宿新宿ＮＳビル
1630815,13,東京都,新宿区,西新宿新宿ＮＳビル
1630816,13,東京都,新宿区,西新宿新宿ＮＳビル
1630817,13,東京都,新宿区,西新宿新宿ＮＳビル
1630818,13,東京都,新宿区,西新宿新宿ＮＳビル
1630819,13,東京都,新宿区,西新宿新宿ＮＳビル
1630820,13,東京都,新宿区,西新宿新宿ＮＳビル
1630821,13,東京都,新宿区,西新宿新宿ＮＳビル
1630822,13,東京都,新宿区,西新宿新宿ＮＳビル
1630823,13,東京都,新宿区,西新宿新宿ＮＳビル
1630824,13,東京都,新宿区,西新宿新宿ＮＳビル
1630825,13,東京都,新宿区,西新宿新宿ＮＳビル
1630826,13,東京都,新宿区,西新宿新宿ＮＳビル
1630827,13,東京都,新宿区,西新宿新宿ＮＳビル
1630828,13,東京都,新宿区,西新宿新宿ＮＳビル
1630829,13,東京都,新宿区,西新宿新宿ＮＳビル
1630830,13,東京都,新宿区,西新宿新宿ＮＳビル
1630890,13,東京都,新宿区,西新宿新宿ＮＳビル
1630901,13,東京都,新宿区,西新宿新宿モノリス
1630902,13,東京都,新宿区,西新宿新宿モノリス
1630903,13,東京都,新宿区,西新宿新宿モノリス
1630904,13,東京都,新宿区,西新宿新宿モノリス
1630905,13,東京都,新宿区,西新宿新宿モノリス
1630906,13,東京都,新宿区,西新宿新宿モノリス
1630907,13,東京都,新宿区,西新宿新宿モノリス
1630908,13,東京都,新宿区,西新宿新宿モノリス
1630909,13,東京都,新宿区,西新宿新宿モノリス
1630910,13,東京都,新宿区,西新宿新宿モノリス
1630911,13,東京都,新宿区,西新宿新宿モノリス
1630912,13,東京都,新宿区,西新宿新宿モノリス
1630913,13,東京都,新宿区,西新宿新宿モノリス
1630914,13,東京都,新宿区,西新宿新宿モノリス
1630915,13,東京都,新宿区,西新宿新宿モノリス
1630916,13,東京都,新宿区,西新宿新宿モノリス
1630917,13,東京都,新宿区,西新宿新宿モノリス
1630918,13,東京都,新宿区,西新宿新宿モノリス
1630919,13,東京都,新宿区,西新宿新宿モノリス
1630920,13,東京都,新宿区,西新宿新宿モノリス
1630921,13,東京都,新宿区,西新宿新宿モノリス
1630922,13,東京都,新宿区,西新宿新宿モノリス
1630923,13,東京都,新宿区,西新宿新宿モノリス
1630924,13,東京都,新宿区,西新宿新宿モノリス
1630925,13,東京都,新宿区,西新宿新宿モノリス
1630926,13,東京都,新宿区,西新宿新宿モノリス
1630927,13,東京都,新宿区,西新宿新宿モノリス
1630928,13,東京都,新宿区,西新宿新宿モノリス
1630929,13,東京都,新宿区,西新宿新宿モノリス
1630930,13,東京都,新宿区,西新宿新宿モノリス
1630990,13,東京都,新宿区,西新宿新宿モノリス
1631001,13,東京都,新宿区,西新宿新宿パークタワー
1631002,13,東京都,新宿区,西新宿新宿パークタワー
1631003,13,東京都,新宿区,西新宿新宿パークタワー
1631004,13,東京都,新宿区,西新宿新宿パークタワー
1631005,13,東京都,新宿区,西新宿新宿パークタワー
1631006,13,東京都,新宿区,西新宿新宿パークタワー
1631007,13,東京都,新宿区,西新宿新宿パークタワー
1631008,13,東京都,新宿区,西新宿新宿パークタワー
1631009,13,東京都,新宿区,西新宿新宿パークタワー
1631010,13,東京都,新宿区,西新宿新宿パークタワー
1631011,13,東京都,新宿区,西新宿新宿パークタワー
1631012,13,東京都,新宿区,西新宿新宿パークタワー
1631013,13,東京都,新宿区,西新宿新宿パークタワー
1631014,13,東京都,新宿区,西新宿新宿パークタワー
1631015,13,東京都,新宿区,西新宿新宿パークタワー
1631016,13,東京都,新宿区,西新宿新宿パークタワー
1631017,13,東京都,新宿区,西新宿新宿パークタワー
1631018,13,東京都,新宿区,西新宿新宿パークタワー
1631019,13,東京都,新宿区,西新宿新宿パークタワー
1631020,13,東京都,新宿区,西新宿新宿パークタワー
1631021,13,東京都,新宿区,西新宿新宿パークタワー
1631022,13,東京都,新宿区,西新宿新宿パークタワー
1631023,13,東京都,新宿区,西新宿新宿パークタワー
1631024,13,東京都,新宿区,西新宿新宿パークタワー
1631025,13,東京都,新宿区,西新宿新宿パークタワー
1631026,13,東京都,新宿区,西新宿新宿パークタワー
1631027,13,東京都,新宿区,西新宿新宿パークタワー
1631028,13,東京都,新宿区,西新宿新宿パークタワー
1631029,13,東京都,新宿区,西新宿新宿パークタワー
1631030,13,東京都,新宿区,西新宿新宿パークタワー
1631031,13,東京都,新宿区,西新宿新宿パークタワー
1631032,13,東京都,新宿区,西新宿新宿パークタワー
1631033,13,東京都,新宿区,西新宿新宿パークタワー
1631034,13,東京都,新宿区,西新宿新宿パークタワー
1631035,13,東京都,新宿区,西新宿新宿パークタワー
1631036,13,東京都,新宿区,西新宿新宿パークタワー
1631037,13,東京都,新宿区,西新宿新宿パークタワー
1631038,13,東京都,新宿区,西新宿新宿パークタワー
1631039,13,東京都,新宿区,西新宿新宿パークタワー
1631040,13,東京都,新宿区,西新宿新宿パークタワー
1631041,13,東京都,新宿区,西新宿新宿パークタワー
1631042,13,東京都,新宿区,西新宿新宿パークタワー
1631043,13,東京都,新宿区,西新宿新宿パークタワー
1631044,13,東京都,新宿区,西新宿新宿パークタワー
1631045,13,東京都,新宿区,西新宿新宿パークタワー
1631046,13,東京都,新宿区,西新宿新宿パークタワー
1631047,13,東京都,新宿区,西新宿新宿パークタワー
1631048,13,東京都,新宿区,西新宿新宿パークタワー
1631049,13,東京都,新宿区,西新宿新宿パークタワー
1631050,13,東京都,新宿区,西新宿新宿パークタワー
1631051,13,東京都,新宿区,西新宿新宿パークタワー
1631052,13,東京都,新宿区,西新宿新宿パークタワー
1631090,13,東京都,新宿区,西新宿新宿パークタワー
1631101,13,東京都,新宿区,西新宿新宿スクエアタワー
1631102,13,東京都,新宿区,西新宿新宿スクエアタワー
1631103,13,東京都,新宿区,西新宿新宿スクエアタワー
1631104,13,東京都,新宿区,西新宿新宿スクエアタワー
1631105,13,東京都,新宿区,西新宿新宿スクエアタワー
1631106,13,東京都,新宿区,西新宿新宿スクエアタワー
1631107,13,東京都,新宿区,西新宿新宿スクエアタワー
1631108,13,東京都,新宿区,西新宿新宿スクエアタワー
1631109,13,東京都,新宿区,西新宿新宿スクエアタワー
1631110,13,東京都,新宿区,西新宿新宿スクエアタワー
1631111,13,東京都,新宿区,西新宿新宿スクエアタワー
1631112,13,東京都,新宿区,西新宿新宿スクエアタワー
1631113,13,東京都,新宿区,西新宿新宿スクエアタワー
1631114,13,東京都,新宿区,西新宿新宿スクエアタワー
1631115,13,東京都,新宿区,西新宿新宿スクエアタワー
1631116,13,東京都,新宿区,西新宿新宿スクエアタワー
1631117,13,東京都,新宿区,西新宿新宿スクエアタワー
1631118,13,東京都,新宿区,西新宿新宿スクエアタワー
1631119,13,東京都,新宿区,西新宿新宿スクエアタワー
1631120,13,東京都,新宿区,西新宿新宿スクエアタワー
1631121,13,東京都,新宿区,西新宿新宿スクエアタワー
1631122,13,東京都,新宿区,西新宿新宿スクエアタワー
1631123,13,東京都,新宿区,西新宿新宿スクエアタワー
1631124,13,東京都,新宿区,西新宿新宿スクエアタワー
1631125,13,東京都,新宿区,西新宿新宿スクエアタワー
1631126,13,東京都,新宿区,西新宿新宿スクエアタワー
1631127,13,東京都,新宿区,西新宿新宿スクエアタワー
1631128,13,東京都,新宿区,西新宿新宿スクエアタワー
1631129,13,東京都,新宿区,西新宿新宿スクエアタワー
1631130,13,東京都,新宿区,西新宿新宿スクエアタワー
1631190,13,東京都,新宿区,西新宿新宿スクエアタワー
1631301,13,東京都,新宿区,西新宿新宿アイランドタワー
1631302,13,東京都,新宿区,西新宿新宿アイランドタワー
1631303,13,東京都,新宿区,西新宿新宿アイランドタワー
1631304,13,東京都,新宿区,西新宿新宿アイランドタワー
1631305,13,東京都,新宿区,西新宿新宿アイランドタワー
1631306,13,東京都,新宿区,西新宿新宿アイランドタワー
1631307,13,東京都,新宿区,西新宿新宿アイランドタワー
1631308,13,東京都,新宿区,西新宿新宿アイランドタワー
1631309,13,東京都,新宿区,西新宿新宿アイランドタワー
1631310,13,東京都,新宿区,西新宿新宿アイランドタワー
1631311,13,東京都,新宿区,西新宿新宿アイランドタワー
1631312,13,東京都,新宿区,西新宿新宿アイランドタワー
1631313,13,東京都,新宿区,西新宿新宿アイランドタワー
1631314,13,東京都,新宿区,西新宿新宿アイランドタワー
1631315,13,東京都,新宿区,西新宿新宿アイランドタワー
1631316,13,東京都,新宿区,西新宿新宿アイランドタワー
1631317,13,東京都,新宿区,西新宿新宿アイランドタワー
1631318,13,東京都,新宿区,西新宿新宿アイランドタワー
1631319,13,東京都,新宿区,西新宿新宿アイランドタワー
1631320,13,東京都,新宿区,西新宿新宿アイランドタワー
1631321,13,東京都,新宿区,西新宿新宿アイランドタワー
1631322,13,東京都,新宿区,西新宿新宿アイランドタワー
1631323,13,東京都,新宿区,西新宿新宿アイランドタワー
1631324,13,東京都,新宿区,西新宿新宿アイランドタワー
1631325,13,東京都,新宿区,西新宿新宿アイランドタワー
1631326,13,東京都,新宿区,西新宿新宿アイランドタワー
1631327,13,東京都,新宿区,西新宿新宿アイランドタワー
1631328,13,東京都,新宿区,西新宿新宿アイランドタワー
1631329,13,東京都,新宿区,西新宿新宿アイランドタワー
1631330,13,東京都,新宿区,西新宿新宿アイランドタワー
1631331,13,東京都,新宿区,西新宿新宿アイランドタワー
1631332,13,東京都,新宿区,西新宿新宿アイランドタワー
1631333,13,東京都,新宿区,西新宿新宿アイランドタワー
1631334,13,東京都,新宿区,西新宿新宿アイランドタワー
1631335,13,東京都,新宿区,西新宿新宿アイランドタワー
1631336,13,東京都,新宿区,西新宿新宿アイランドタワー
1631337,13,東京都,新宿区,西新宿新宿アイランドタワー
1631338,13,東京都,新宿区,西新宿新宿アイランドタワー
1631339,13,東京都,新宿区,西新宿新宿アイランドタワー
1631340,13,東京都,新宿区,西新宿新宿アイランドタワー
1631341,13,東京都,新宿区,西新宿新宿アイランドタワー
1631342,13,東京都,新宿区,西新宿新宿アイランドタワー
1631343,13,東京都,新宿区,西新宿新宿アイランドタワー
1631344,13,東京都,新宿区,西新宿新宿アイランドタワー
1631390,13,東京都,新宿区,西新宿新宿アイランドタワー
1631401,13,東京都,新宿区,西新宿東京オペラシティ
1631402,13,東京都,新宿区,西新宿東京オペラシティ
1631403,13,東京都,新宿区,西新宿東京オペラシティ
1631404,13,東京都,新宿区,西新宿東京オペラシティ
1631405,13,東京都,新宿区,西新宿東京オペラシティ
1631406,13,東京都,新宿区,西新宿東京オペラシティ
1631407,13,東京都,新宿区,西新宿東京オペラシティ
1631408,13,東京都,新宿区,西新宿東京オペラシティ
1631409,13,東京都,新宿区,西新宿東京オペラシティ
1631410,13,東京都,新宿区,西新宿東京オペラシティ
1631411,13,東京都,新宿区,西新宿東京オペラシティ
1631412,13,東京都,新宿区,西新宿東京オペラシティ
1631413,13,東京都,新宿区,西新宿東京オペラシティ
1631414,13,東京都,新宿区,西新宿東京オペラシティ
1631415,13,東京都,新宿区,西新宿東京オペラシティ
1631416,13,東京都,新宿区,西新宿東京オペラシティ
1631417,13,東京都,新宿区,西新宿東京オペラシティ
1631418,13,東京都,新宿区,西新宿東京オペラシティ
1631419,13,東京都,新宿区,西新宿東京オペラシティ
1631420,13,東京都,新宿区,西新宿東京オペラシティ
1631421,13,東京都,新宿区,西新宿東京オペラシティ
1631422,13,東京都,新宿区,西新宿東京オペラシティ
1631423,13,東京都,新宿区,西新宿東京オペラシティ
1631424,13,東京都,新宿区,西新宿東京オペラシティ
1631425,13,東京都,新宿区,西新宿東京オペラシティ
1631426,13,東京都,新宿区,西新宿東京オペラシティ
1631427,13,東京都,新宿区,西新宿東京オペラシティ
1631428,13,東京都,新宿区,西新宿東京オペラシティ
1631429,13,東京都,新宿区,西新宿東京オペラシティ
1631430,13,東京都,新宿区,西新宿東京オペラシティ
1631431,13,東京都,新宿区,西新宿東京オペラシティ
1631432,13,東京都,新宿区,西新宿東京オペラシティ
1631433,13,東京都,新宿区,西新宿東京オペラシティ
1631434,13,東京都,新宿区,西新宿東京オペラシティ
1631435,13,東京都,新宿区,西新宿東京オペラシティ
1631436,13,東京都,新宿区,西新宿東京オペラシティ
1631437,13,東京都,新宿区,西新宿東京オペラシティ
1631438,13,東京都,新宿区,西新宿東京オペラシティ
1631439,13,東京都,新宿区,西新宿東京オペラシティ
1631440,13,東京都,新宿区,西新宿東京オペラシティ
1631441,13,東京都,新宿区,西新宿東京オペラシティ
1631442,13,東京都,新宿区,西新宿東京オペラシティ
1631443,13,東京都,新宿区,西新宿東京オペラシティ
1631444,13,東京都,新宿区,西新宿東京オペラシティ
1631445,13,東京都,新宿区,西新宿東京オペラシティ
1631446,13,東京都,新宿区,西新宿東京オペラシティ
1631447,13,東京都,新宿区,西新宿東京オペラシティ
1631448,13,東京都,新宿区,西新宿東京オペラシティ
1631449,13,東京都,新宿区,西新宿東京オペラシティ
1631450,13,東京都,新宿区,西新宿東京オペラシティ
1631451,13,東京都,新宿区,西新宿東京オペラシティ
1631452,13,東京都,新宿区,西新宿東京オペラシティ
1631453,13,東京都,新宿区,西新宿東京オペラシティ
1631454,13,東京都,新宿区,西新宿東京オペラシティ
1631490,13,東京都,新宿区,西新宿東京オペラシティ
1631501,13,東京都,新宿区,西新宿新宿エルタワー
1631502,13,東京都,新宿区,西新宿新宿エルタワー
1631503,13,東京都,新宿区,西新宿新宿エルタワー
1631504,13,東京都,新宿区,西新宿新宿エルタワー
1631505,13,東京都,新宿区,西新宿新宿エルタワー
1631506,13,東京都,新宿区,西新宿新宿エルタワー
1631507,13,東京都,新宿区,西新宿新宿エルタワー
1631508,13,東京都,新宿区,西新宿新宿エルタワー
1631509,13,東京都,新宿区,西新宿新宿エルタワー
1631510,13,東京都,新宿区,西新宿新宿エルタワー
1631511,13,東京都,新宿区,西新宿新宿エルタワー
1631512,13,東京都,新宿区,西新宿新宿エルタワー
1631513,13,東京都,新宿区,西新宿新宿エルタワー
1631514,13,東京都,新宿区,西新宿新宿エルタワー
1631515,13,東京都,新宿区,西新宿新宿エルタワー
1631516,13,東京都,新宿区,西新宿新宿エルタワー
1631517,13,東京都,新宿区,西新宿新宿エルタワー
1631518,13,東京都,新宿区,西新宿新宿エルタワー
1631519,13,東京都,新宿区,西新宿新宿エルタワー
1631520,13,東京都,新宿区,西新宿新宿エルタワー
1631521,13,東京都,新宿区,西新宿新宿エルタワー
1631522,13,東京都,新宿区,西新宿新宿エルタワー
1631523,13,東京都,新宿区,西新宿新宿エルタワー
1631524,13,東京都,新宿区,西新宿新宿エルタワー
1631525,13,東京都,新宿区,西新宿新宿エルタワー
1631526,13,東京都,新宿区,西新宿新宿エルタワー
1631527,13,東京都,新宿区,西新宿新宿エルタワー
1631528,13,東京都,新宿区,西新宿新宿エルタワー
1631529,13,東京都,新宿区,西新宿新宿エルタワー
1631530,13,東京都,新宿区,西新宿新宿エルタワー
1631531,13,東京都,新宿区,西新宿新宿エルタワー
1631590,13,東京都,新宿区,西新宿新宿エルタワー
1636001,13,東京都,新宿区,西新宿住友不動産新宿オークタワー
1636002,13,東京都,新宿区,西新宿住友不動産新宿オークタワー
1636003,13,東京都,新宿区,西新宿住友不動産新宿オークタワー
1636004,13,東京都,新宿区,西新宿住友不動産新宿オークタワー
1636005,13,東京都,新宿区,西新宿住友不動産新宿オークタワー
1636006,13,東京都,新宿区,西新宿住友不動産新宿オークタワー
1636007,13,東京都,新宿区,西新宿住友不動産新宿オークタワー
1636008,13,東京都,新宿区,西新宿住友不動産新宿オークタワー
1636009,13,東京都,新宿区,西新宿住友不動産新宿オークタワー
1636010,13,東京都,新宿区,西新宿住友不動産新宿オークタワー
1636011,13,東京都,新宿区,西新宿住友不動産新宿オークタワー
1636012,13,東京都,新宿区,西新宿住友不動産新宿オークタワー
1636013,13,東京都,新宿区,西新宿住友不動産新宿オークタワー
1636014,13,東京都,新宿区,西新宿住友不動産新宿オークタワー
1636015,13,東京都,新宿区,西新宿住友不動産新宿オークタワー
1636016,13,東京都,新宿区,西新宿住友不動産新宿オークタワー
1636017,13,東京都,新宿区,西新宿住友不動産新宿オークタワー
1636018,13,東京都,新宿区,西新宿住友不動産新宿オークタワー
1636019,13,東京都,新宿区,西新宿住友不動産新宿オークタワー
1636020,13,東京都,新宿区,西新宿住友不動産新宿オークタワー
1636021,13,東京都,新宿区,西新宿住友不動産新宿オークタワー
1636022,13,東京都,新宿区,西新宿住友不動産新宿オークタワー
1636023,13,東京都,新宿区,西新宿住友不動産新宿オークタワー
1636024,13,東京都,新宿区,西新宿住友不動産新宿オークタワー
1636025,13,東京都,新宿区,西新宿住友不動産新宿オークタワー
1636026,13,東京都,新宿区,西新宿住友不動産新宿オークタワー
1636027,13,東京都,新宿区,西新宿住友不動産新宿オークタワー
1636028,13,東京都,新宿区,西新宿住友不動産新宿オークタワー
1636029,13,東京都,新宿区,西新宿住友不動産新宿オークタワー
1636030,13,東京都,新宿区,西新宿住友不動産新宿オークタワー
1636031,13,東京都,新宿区,西新宿住友不動産新宿オークタワー
1636032,13,東京都,新宿区,西新宿住友不動産新宿オークタワー
1636033,13,東京都,新宿区,西新宿住友不動産新宿オークタワー
1636034,13,東京都,新宿区,西新宿住友不動産新宿オークタワー
1636035,13,東京都,新宿区,西新宿住友不動産新宿オークタワー
1636036,13,東京都,新宿区,西新宿住友不動産新宿オークタワー
1636037,13,東京都,新宿区,西新宿住友不動産新宿オークタワー
1636038,13,東京都,新宿区,西新宿住友不動産新宿オークタワー
1636090,13,東京都,新宿区,西新宿住友不動産新宿オークタワー
1640000,13,東京都,中野区,
1640001,13,東京都,中野区,中野
1640002,13,東京都,中野区,上高田
1640003,13,東京都,中野区,東中野
1640011,13,東京都,中野区,中央
1640012,13,東京都,中野区,本町
1640013,13,東京都,中野区,弥生町
1640014,13,東京都,中野区,南台
1650021,13,東京都,中野区,丸山
1650022,13,東京都,中野区,江古田
1650023,13,東京都,中野区,江原町
1650024,13,東京都,中野区,松が丘
1650025,13,東京都,中野区,沼袋
1650026,13,東京都,中野区,新井
1650027,13,東京都,中野区,野方
1650031,13,東京都,中野区,上鷺宮
1650032,13,東京都,中野区,鷺宮
1650033,13,東京都,中野区,若宮
1650034,13,東京都,中野区,大和町
1650035,13,東京都,中野区,白鷺
1660000,13,東京都,杉並区,
1660001,13,東京都,杉並区,阿佐谷北
1660002,13,東京都,杉並区,高円寺北
1660003,13,東京都,杉並区,高円寺南
1660004,13,東京都,杉並区,阿佐谷南
1660011,13,東京都,杉並区,梅里
1660012,13,東京都,杉並区,和田
1660013,13,東京都,杉並区,堀ノ内
1660014,13,東京都,杉並区,松ノ木
1660015,13,東京都,杉並区,成田東
1660016,13,東京都,杉並区,成田西
1670021,13,東京都,杉並区,井草
1670022,13,東京都,杉並区,下井草
1670023,13,東京都,杉並区,上井草
1670031,13,東京都,杉並区,本天沼
1670032,13,東京都,杉並区,天沼
1670033,13,東京都,杉並区,清水
1670034,13,東京都,杉並区,桃井
1670035,13,東京都,杉並区,今川
1670041,13,東京都,杉並区,善福寺
1670042,13,東京都,杉並区,西荻北
1670043,13,東京都,杉並区,上荻
1670051,13,東京都,杉並区,荻窪
1670052,13,東京都,杉並区,南荻窪
1670053,13,東京都,杉並区,西荻南
1670054,13,東京都,杉並区,松庵
1680061,13,東京都,杉並区,大宮
1680062,13,東京都,杉並区,方南
1680063,13,東京都,杉並区,和泉
1680064,13,東京都,杉並区,永福
1680065,13,東京都,杉並区,浜田山
1680071,13,東京都,杉並区,高井戸西
1680072,13,東京都,杉並区,高井戸東
1680073,13,東京都,杉並区,下高井戸
1680074,13,東京都,杉並区,上高井戸
1680081,13,東京都,杉並区,宮前
1680082,13,東京都,杉並区,久我山
1690051,13,東京都,新宿区,西早稲田
1690052,13,東京都,新宿区,戸山
1690071,13,東京都,新宿区,戸塚町
1690072,13,東京都,新宿区,大久保
1690073,13,東京都,新宿区,百人町
1690074,13,東京都,新宿区,北新宿
1690075,13,東京都,新宿区,高田馬場
1700000,13,東京都,豊島区,
1700001,13,東京都,豊島区,西巣鴨
1700002,13,東京都,豊島区,巣鴨
1700003,13,東京都,豊島区,駒込
1700004,13,東京都,豊島区,北大塚
1700005,13,東京都,豊島区,南大塚
1700011,13,東京都,豊島区,池袋本町
1700012,13,東京都,豊島区,上池袋
1700013,13,東京都,豊島区,東池袋
1700014,13,東京都,豊島区,池袋
1706001,13,東京都,豊島区,東池袋サンシャイン６０
1706002,13,東京都,豊島区,東池袋サンシャイン６０
1706003,13,東京都,豊島区,東池袋サンシャイン６０
1706004,13,東京都,豊島区,東池袋サンシャイン６０
1706005,13,東京都,豊島区,東池袋サンシャイン６０
1706006,13,東京都,豊島区,東池袋サンシャイン６０
1706007,13,東京都,豊島区,東池袋サンシャイン６０
1706008,13,東京都,豊島区,東池袋サンシャイン６０
1706009,13,東京都,豊島区,東池袋サンシャイン６０
1706010,13,東京都,豊島区,東池袋サンシャイン６０
1706011,13,東京都,豊島区,東池袋サンシャイン６０
1706012,13,東京都,豊島区,東池袋サンシャイン６０
1706013,13,東京都,豊島区,東池袋サンシャイン６０
1706014,13,東京都,豊島区,東池袋サンシャイン６０
1706015,13,東京都,豊島区,東池袋サンシャイン６０
1706016,13,東京都,豊島区,東池袋サンシャイン６０
1706017,13,東京都,豊島区,東池袋サンシャイン６０
1706018,13,東京都,豊島区,東池袋サンシャイン６０
1706019,13,東京都,豊島区,東池袋サンシャイン６０
1706020,13,東京都,豊島区,東池袋サンシャイン６０
1706021,13,東京都,豊島区,東池袋サンシャイン６０
1706022,13,東京都,豊島区,東池袋サンシャイン６０
1706023,13,東京都,豊島区,東池袋サンシャイン６０
1706024,13,東京都,豊島区,東池袋サンシャイン６０
1706025,13,東京都,豊島区,東池袋サンシャイン６０
1706026,13,東京都,豊島区,東池袋サンシャイン６０
1706027,13,東京都,豊島区,東池袋サンシャイン６０
1706028,13,東京都,豊島区,東池袋サンシャイン６０
1706029,13,東京都,豊島区,東池袋サンシャイン６０
1706030,13,東京都,豊島区,東池袋サンシャイン６０
1706031,13,東京都,豊島区,東池袋サンシャイン６０
1706032,13,東京都,豊島区,東池袋サンシャイン６０
1706033,13,東京都,豊島区,東池袋サンシャイン６０
1706034,13,東京都,豊島区,東池袋サンシャイン６０
1706035,13,東京都,豊島区,東池袋サンシャイン６０
1706036,13,東京都,豊島区,東池袋サンシャイン６０
1706037,13,東京都,豊島区,東池袋サンシャイン６０
1706038,13,東京都,豊島区,東池袋サンシャイン６０
1706039,13,東京都,豊島区,東池袋サンシャイン６０
1706040,13,東京都,豊島区,東池袋サンシャイン６０
1706041,13,東京都,豊島区,東池袋サンシャイン６０
1706042,13,東京都,豊島区,東池袋サンシャイン６０
1706043,13,東京都,豊島区,東池袋サンシャイン６０
1706044,13,東京都,豊島区,東池袋サンシャイン６０
1706045,13,東京都,豊島区,東池袋サンシャイン６０
1706046,13,東京都,豊島区,東池袋サンシャイン６０
1706047,13,東京都,豊島区,東池袋サンシャイン６０
1706048,13,東京都,豊島区,東池袋サンシャイン６０
1706049,13,東京都,豊島区,東池袋サンシャイン６０
1706050,13,東京都,豊島区,東池袋サンシャイン６０
1706051,13,東京都,豊島区,東池袋サンシャイン６０
1706052,13,東京都,豊島区,東池袋サンシャイン６０
1706053,13,東京都,豊島区,東池袋サンシャイン６０
1706054,13,東京都,豊島区,東池袋サンシャイン６０
1706055,13,東京都,豊島区,東池袋サンシャイン６０
1706056,13,東京都,豊島区,東池袋サンシャイン６０
1706057,13,東京都,豊島区,東池袋サンシャイン６０
1706058,13,東京都,豊島区,東池袋サンシャイン６０
1706059,13,東京都,豊島区,東池袋サンシャイン６０
1706060,13,東京都,豊島区,東池袋サンシャイン６０
1706090,13,東京都,豊島区,東池袋サンシャイン６０
1710014,13,東京都,豊島区,池袋
1710021,13,東京都,豊島区,西池袋
1710022,13,東京都,豊島区,南池袋
1710031,13,東京都,豊島区,目白
1710032,13,東京都,豊島区,雑司が谷
1710033,13,東京都,豊島区,高田
1710041,13,東京都,豊島区,千川
1710042,13,東京都,豊島区,高松
1710043,13,東京都,豊島区,要町
1710044,13,東京都,豊島区,千早
1710051,13,東京都,豊島区,長崎
1710052,13,東京都,豊島区,南長崎
1730001,13,東京都,板橋区,本町
1730002,13,東京都,板橋区,稲荷台
1730003,13,東京都,板橋区,加賀
1730004,13,東京都,板橋区,板橋
1730005,13,東京都,板橋区,仲宿
1730011,13,東京都,板橋区,双葉町
1730012,13,東京都,板橋区,大和町
1730013,13,東京都,板橋区,氷川町
1730014,13,東京都,板橋区,大山東町
1730015,13,東京都,板橋区,栄町
1730016,13,東京都,板橋区,中板橋
1730021,13,東京都,板橋区,弥生町
1730022,13,東京都,板橋区,仲町
1730023,13,東京都,板橋区,大山町
1730024,13,東京都,板橋区,大山金井町
1730025,13,東京都,板橋区,熊野町
1730026,13,東京都,板橋区,中丸町
1730027,13,東京都,板橋区,南町
1730031,13,東京都,板橋区,大谷口北町
1730032,13,東京都,板橋区,大谷口上町
1730033,13,東京都,板橋区,大山西町
1730034,13,東京都,板橋区,幸町
1730035,13,東京都,板橋区,大谷口
1730036,13,東京都,板橋区,向原
1730037,13,東京都,板橋区,小茂根
1740000,13,東京都,板橋区,
1740041,13,東京都,板橋区,舟渡
1740042,13,東京都,板橋区,東坂下
1740043,13,東京都,板橋区,坂下
1740044,13,東京都,板橋区,相生町
1740045,13,東京都,板橋区,西台
1740046,13,東京都,板橋区,蓮根
1740051,13,東京都,板橋区,小豆沢
1740052,13,東京都,板橋区,蓮沼町
1740053,13,東京都,板橋区,清水町
1740054,13,東京都,板橋区,宮本町
1740055,13,東京都,板橋区,泉町
1740056,13,東京都,板橋区,志村
1740061,13,東京都,板橋区,大原町
1740062,13,東京都,板橋区,富士見町
1740063,13,東京都,板橋区,前野町
1740064,13,東京都,板橋区,中台
1740065,13,東京都,板橋区,若木
1740071,13,東京都,板橋区,常盤台
1740072,13,東京都,板橋区,南常盤台
1740073,13,東京都,板橋区,東山町
1740074,13,東京都,板橋区,東新町
1740075,13,東京都,板橋区,桜川
1740076,13,東京都,板橋区,上板橋
1750045,13,東京都,板橋区,西台
1750081,13,東京都,板橋区,新河岸
1750082,13,東京都,板橋区,高島平
1750083,13,東京都,板橋区,徳丸
1750084,13,東京都,板橋区,四葉
1750085,13,東京都,板橋区,大門
1750091,13,東京都,板橋区,三園
1750092,13,東京都,板橋区,赤塚
1750093,13,東京都,板橋区,赤塚新町
1750094,13,東京都,板橋区,成増
1760000,13,東京都,練馬区,
1760001,13,東京都,練馬区,練馬
1760002,13,東京都,練馬区,桜台
1760003,13,東京都,練馬区,羽沢
1760004,13,東京都,練馬区,小竹町
1760005,13,東京都,練馬区,旭丘
1760006,13,東京都,練馬区,栄町
1760011,13,東京都,練馬区,豊玉上
1760012,13,東京都,練馬区,豊玉北
1760013,13,東京都,練馬区,豊玉中
1760014,13,東京都,練馬区,豊玉南
1760021,13,東京都,練馬区,貫井
1760022,13,東京都,練馬区,向山
1760023,13,東京都,練馬区,中村北
1760024,13,東京都,練馬区,中村
1760025,13,東京都,練馬区,中村南
1770031,13,東京都,練馬区,三原台
1770032,13,東京都,練馬区,谷原
1770033,13,東京都,練馬区,高野台
1770034,13,東京都,練馬区,富士見台
1770035,13,東京都,練馬区,南田中
1770041,13,東京都,練馬区,石神井町
1770042,13,東京都,練馬区,下石神井
1770043,13,東京都,練馬区,上石神井南町
1770044,13,東京都,練馬区,上石神井
1770045,13,東京都,練馬区,石神井台
1770051,13,東京都,練馬区,関町北
1770052,13,東京都,練馬区,関町東
1770053,13,東京都,練馬区,関町南
1770054,13,東京都,練馬区,立野町
1780061,13,東京都,練馬区,大泉学園町
1780062,13,東京都,練馬区,大泉町
1780063,13,東京都,練馬区,東大泉
1780064,13,東京都,練馬区,南大泉
1780065,13,東京都,練馬区,西大泉
1780066,13,東京都,練馬区,西大泉町
1790071,13,東京都,練馬区,旭町
1790072,13,東京都,練馬区,光が丘
1790073,13,東京都,練馬区,田柄
1790074,13,東京都,練馬区,春日町
1790075,13,東京都,練馬区,高松
1790076,13,東京都,練馬区,土支田
1790081,13,東京都,練馬区,北町
1790082,13,東京都,練馬区,錦
1790083,13,東京都,練馬区,平和台
1790084,13,東京都,練馬区,氷川台
1790085,13,東京都,練馬区,早宮
